Domain Name,Domain Type,Agency,City,State
PENNDOT.GOV,State/Local Govt,Pennsylvania Department of Transportation.,Harrisburg,PA
MTC.GOV,State/Local Govt,Multistate Tax Commission,Washington,DC
511MAINE.GOV,State/Local Govt,Non-Federal Agency,Augusta,ME
511NY.GOV,State/Local Govt,Non-Federal Agency,Albany,NY
511TX.GOV,State/Local Govt,Non-Federal Agency,Austin,TX
511WI.GOV,State/Local Govt,Non-Federal Agency,Madison,WI
ABLETN.GOV,State/Local Govt,Non-Federal Agency,Nashville,TN
ACCESSTN.GOV,State/Local Govt,Non-Federal Agency,NASHVILLE,TN
ADAMSCOUNTYMS.GOV,State/Local Govt,Non-Federal Agency,Natchez,MS
ADRCNJ.GOV,State/Local Govt,Non-Federal Agency,Mercerville,NJ
AGAZ.GOV,State/Local Govt,Non-Federal Agency,Phoenix,AZ
AK.GOV,State/Local Govt,Non-Federal Agency,Juneau,AK
AKAEROSPACE.GOV,State/Local Govt,Non-Federal Agency,Anchorage,AK
AKLEG.GOV,State/Local Govt,Non-Federal Agency,Juneau,AK
AL-LEGISLATURE.GOV,State/Local Govt,Non-Federal Agency,Montgomery,AL
AL.GOV,State/Local Govt,Non-Federal Agency,Montgomery,AL
ALABAMA.GOV,State/Local Govt,Non-Federal Agency,Montgomery,AL
ALABAMAAGELINE.GOV,State/Local Govt,Non-Federal Agency,Montgomery,AL
ALABAMACONNECT.GOV,State/Local Govt,Non-Federal Agency,Montgomery,AL
ALABAMADA.GOV,State/Local Govt,Non-Federal Agency,Montgomery,AL
ALABAMADEMENTIA.GOV,State/Local Govt,Non-Federal Agency,Montgomery,AL
ALABAMAHOUSEPHOTOS.GOV,State/Local Govt,Non-Federal Agency,Montgomery,AL
ALABAMASMP.GOV,State/Local Govt,Non-Federal Agency,Montgomery,AL
ALABAMAVOTES.GOV,State/Local Govt,Non-Federal Agency,Montgomery,AL
ALABPP.GOV,State/Local Govt,Non-Federal Agency,Montgomery,AL
ALACOP.GOV,State/Local Govt,Non-Federal Agency,Montgomery,AL
ALACOURT.GOV,State/Local Govt,Non-Federal Agency,Montgomery,AL
ALADA.GOV,State/Local Govt,Non-Federal Agency,Mongomery,AL
ALADNA.GOV,State/Local Govt,Non-Federal Agency,Montgomery,AL
ALAPPEALS.GOV,State/Local Govt,Non-Federal Agency,Montgomery,AL
ALASAFE.GOV,State/Local Govt,Non-Federal Agency,Montgomery,AL
ALASKA.GOV,State/Local Govt,Non-Federal Agency,Juneau,AK
ALASKACARE.GOV,State/Local Govt,Non-Federal Agency,Juneau,AK
ALBUQUERQUE-NM.GOV,State/Local Govt,Non-Federal Agency,Albuquerque,NM
ALDOI.GOV,State/Local Govt,Non-Federal Agency,Montgomery,AL
ALEA.GOV,State/Local Govt,Non-Federal Agency,Montgomery,AL
ALEXANDERCOUNTYNC.GOV,State/Local Govt,Non-Federal Agency,Taylorsville,NC
ALEXANDRIANJ.GOV,State/Local Govt,Non-Federal Agency,Milford,NJ
ALGONAC-MI.GOV,State/Local Govt,Non-Federal Agency,Algonac,MI
ALHOUSE.GOV,State/Local Govt,Non-Federal Agency,Montgomery ,AL
ALLENDALENJ.GOV,State/Local Govt,Non-Federal Agency,Allendale,NJ
ALPHARETTA-GA.GOV,State/Local Govt,Non-Federal Agency,Alpharetta,GA
ALSENATE.GOV,State/Local Govt,Non-Federal Agency,Montgomery ,AL
ALTOONAPA.GOV,State/Local Govt,Non-Federal Agency,Altoona,PA
AMERICANSAMOA.GOV,State/Local Govt,Non-Federal Agency,Pago Pago,AS
AMESBURYMA.GOV,State/Local Govt,Non-Federal Agency,Amesbury,MA
AMITECOUNTYMS.GOV,State/Local Govt,Non-Federal Agency,Liberty,MS
ANNAPOLIS.GOV,State/Local Govt,Non-Federal Agency,Annapolis,MD
ANNAPOLISMD.GOV,State/Local Govt,Non-Federal Agency,Annapolis,MD
ANTIOCHTOWNSHIP-IL.GOV,State/Local Govt,Non-Federal Agency,Lake Villa,IL
ANTIOCHTOWNSHIPIL.GOV,State/Local Govt,Non-Federal Agency,Lake Villa,IL
AQMD.GOV,State/Local Govt,Non-Federal Agency,Diamond Bar,CA
AR.GOV,State/Local Govt,Non-Federal Agency,Little Rock,AR
ARCHDALE-NC.GOV,State/Local Govt,Non-Federal Agency,ARCHDALE,NC
ARCOURTS.GOV,State/Local Govt,Non-Federal Agency,Little Rock,AR
ARIZONA.GOV,State/Local Govt,Non-Federal Agency,Phoenix,AZ
ARIZONAJOBCONNECTION.GOV,State/Local Govt,Non-Federal Agency,Phoenix,AZ
ARIZONASERVES.GOV,State/Local Govt,Non-Federal Agency,Phoenix,AZ
ARIZONATURBOCOURT.GOV,State/Local Govt,Non-Federal Agency,Phoenix,AZ
ARKANSAS.GOV,State/Local Govt,Non-Federal Agency,Little Rock,AR
ARKANSASAG.GOV,State/Local Govt,Non-Federal Agency,Little Rock,AR
ARKANSASED.GOV,State/Local Govt,Non-Federal Agency,Little Rock,AR
ARKLEGAUDIT.GOV,State/Local Govt,Non-Federal Agency,Little Rock,AR
ARTREASURY.GOV,State/Local Govt,Non-Federal Agency,Litlte Rock,AR
ARTRS.GOV,State/Local Govt,Non-Federal Agency,Little Rock,AR
AS.GOV,State/Local Govt,Non-Federal Agency,Pago Pago,AS
ASAFERFLORIDA.GOV,State/Local Govt,Non-Federal Agency,Tallahassee,FL
ASEPA.GOV,State/Local Govt,Non-Federal Agency,Pago Pago,AS
ASHEVILLENC.GOV,State/Local Govt,Non-Federal Agency,Asheville,NC
ATHOMEILLINOIS.GOV,State/Local Govt,Non-Federal Agency,Chicago,IL
ATLASALABAMA.GOV,State/Local Govt,Non-Federal Agency,TUSCALOOSA,AL
ATTORNEYGENERAL.GOV,State/Local Govt,Non-Federal Agency,Harrisburg,PA
AUBURNNY.GOV,State/Local Govt,Non-Federal Agency,Auburn,NY
AUBURNWA.GOV,State/Local Govt,Non-Federal Agency,Auburn,WA
AUGUSTAGA.GOV,State/Local Govt,Non-Federal Agency,Augusta,GA
AURORATEXAS.GOV,State/Local Govt,Non-Federal Agency,Rhome,TX
AVON-MA.GOV,State/Local Govt,Non-Federal Agency,Avon,MA
AZ-ACOIHC.GOV,State/Local Govt,Non-Federal Agency,Phoenix,AZ
AZ-FHSD.GOV,State/Local Govt,Non-Federal Agency,Fountain Hills,AZ
AZ.GOV,State/Local Govt,Non-Federal Agency,Phoeniz,AZ
AZ511.GOV,State/Local Govt,Non-Federal Agency,Pheonix,AZ
AZ529.GOV,State/Local Govt,Non-Federal Agency,Phoenix,AZ
AZ911.GOV,State/Local Govt,Non-Federal Agency,Phoenix,AZ
AZABRC.GOV,State/Local Govt,Non-Federal Agency,Phoenix,AZ
AZACCOUNTANCY.GOV,State/Local Govt,Non-Federal Agency,Phoenix,AZ
AZACTIC.GOV,State/Local Govt,Non-Federal Agency,Phoenix,AZ
AZAFIS.GOV,State/Local Govt,Non-Federal Agency,Phoenix,AZ
AZAG.GOV,State/Local Govt,Non-Federal Agency,Phoenix,AZ
AZAHCCCS.GOV,State/Local Govt,Non-Federal Agency,Phoenix,AZ
AZARTS.GOV,State/Local Govt,Non-Federal Agency,Phoenix,AZ
AZASRS.GOV,State/Local Govt,Non-Federal Agency,Phoenix,AZ
AZAUDITOR.GOV,State/Local Govt,Non-Federal Agency,Phoenix,AZ
AZBN.GOV,State/Local Govt,Non-Federal Agency,Phoenix,AZ
AZBNP.GOV,State/Local Govt,Non-Federal Agency,Phoenix,AZ
AZBOA.GOV,State/Local Govt,Non-Federal Agency,Phoenix,AZ
AZBOC.GOV,State/Local Govt,Non-Federal Agency,Phoenix,AZ
AZBOEC.GOV,State/Local Govt,Non-Federal Agency,Phoenix,AZ
AZBOF.GOV,State/Local Govt,Non-Federal Agency,PHOENIX,AZ
AZBORDERTRASH.GOV,State/Local Govt,Non-Federal Agency,Phoenix,AZ
AZBOTA.GOV,State/Local Govt,Non-Federal Agency,Phoenix,AZ
AZBOXINGANDMMA.GOV,State/Local Govt,Non-Federal Agency,Phoenix,AZ
AZBROADBAND.GOV,State/Local Govt,Non-Federal Agency,PHOENIX,AZ
AZBTR.GOV,State/Local Govt,Non-Federal Agency,Phoenix,AZ
AZCAAA.GOV,State/Local Govt,Non-Federal Agency,Phoenix,AZ
AZCANCERCONTROL.GOV,State/Local Govt,Non-Federal Agency,Phoenix,AZ
AZCC.GOV,State/Local Govt,Non-Federal Agency,Phoenix,AZ
AZCIA.GOV,State/Local Govt,Non-Federal Agency,Phoenix,AZ
AZCJC.GOV,State/Local Govt,Non-Federal Agency,Phoenix,AZ
AZCLEANELECTIONS.GOV,State/Local Govt,Non-Federal Agency,Phoenix,AZ
AZCLIMATECHANGE.GOV,State/Local Govt,Non-Federal Agency,Phoenix,AZ
AZCOOP.GOV,State/Local Govt,Non-Federal Agency,Phoenix,AZ
AZCORPCOM.GOV,State/Local Govt,Non-Federal Agency,Phoenix,AZ
AZCORPCOMM.GOV,State/Local Govt,Non-Federal Agency,Phoenxi,AZ
AZCORRECTIONS.GOV,State/Local Govt,Non-Federal Agency,Phoenix,AZ
AZCOURTDOCS.GOV,State/Local Govt,Non-Federal Agency,Phoenix,AZ
AZCOURTS.GOV,State/Local Govt,Non-Federal Agency,Phoenix,AZ
AZCVD.GOV,State/Local Govt,Non-Federal Agency,Phoenix,AZ
AZDA.GOV,State/Local Govt,Non-Federal Agency,Phoenix,AZ
AZDAARS.GOV,State/Local Govt,Non-Federal Agency,Phoenix,AZ
AZDCS.GOV,State/Local Govt,Non-Federal Agency,Phoenix,AZ
AZDDPC.GOV,State/Local Govt,Non-Federal Agency,Phoenix,AZ
AZDEMA.GOV,State/Local Govt,Non-Federal Agency,Phoenix,AZ
AZDEQ.GOV,State/Local Govt,Non-Federal Agency,Phx,AZ
AZDES.GOV,State/Local Govt,Non-Federal Agency,Phoenix,AZ
AZDFI.GOV,State/Local Govt,Non-Federal Agency,Phoenix,AZ
AZDHS.GOV,State/Local Govt,Non-Federal Agency,Phoenix,AZ
AZDIABETES.GOV,State/Local Govt,Non-Federal Agency,Phoenix,AZ
AZDJC.GOV,State/Local Govt,Non-Federal Agency,Phoenix,AZ
AZDO.GOV,State/Local Govt,Non-Federal Agency,Scottsdale,AZ
AZDOA.GOV,State/Local Govt,Non-Federal Agency,Phoenix,AZ
AZDOC.GOV,State/Local Govt,Non-Federal Agency,Phoenix,AZ
AZDOH.GOV,State/Local Govt,Non-Federal Agency,Phoenix,AZ
AZDOHS.GOV,State/Local Govt,Non-Federal Agency,Phoenix,AZ
AZDOR.GOV,State/Local Govt,Non-Federal Agency,Phoenix,AZ
AZDOSH.GOV,State/Local Govt,Non-Federal Agency,Phoenix,AZ
AZDOT.GOV,State/Local Govt,Non-Federal Agency,Phoenix,AZ
AZDPS.GOV,State/Local Govt,Non-Federal Agency,Phoenix,AZ
AZDVS.GOV,State/Local Govt,Non-Federal Agency,Phoenix,AZ
AZDWM.GOV,State/Local Govt,Non-Federal Agency,Glendale,AZ
AZECDH.GOV,State/Local Govt,Non-Federal Agency,Phoenix,AZ
AZED.GOV,State/Local Govt,Non-Federal Agency,Phoenix,AZ
AZEIN.GOV,State/Local Govt,Non-Federal Agency,Phoenix,AZ
AZENERGY.GOV,State/Local Govt,Non-Federal Agency,Phoenix,AZ
AZENVIROKIDS.GOV,State/Local Govt,Non-Federal Agency,Phoenix,AZ
AZEPIP.GOV,State/Local Govt,Non-Federal Agency,Phoenix,AZ
AZFIRSTTHINGSFIRST.GOV,State/Local Govt,Non-Federal Agency,Phoenix,AZ
AZFTF.GOV,State/Local Govt,Non-Federal Agency,Phoenix,AZ
AZGADA.GOV,State/Local Govt,Non-Federal Agency,Phoenix,AZ
AZGAMING.GOV,State/Local Govt,Non-Federal Agency,Phoenix,AZ
AZGFD.GOV,State/Local Govt,Non-Federal Agency,Phoenix,AZ
AZGITA.GOV,State/Local Govt,Non-Federal Agency,Phoenix,AZ
AZGOHS.GOV,State/Local Govt,Non-Federal Agency,Phoenix,AZ
AZGOVERNOR.GOV,State/Local Govt,Non-Federal Agency,Phoenix,AZ
AZGRANTS.GOV,State/Local Govt,Non-Federal Agency,Phoenix,AZ
AZGU.GOV,State/Local Govt,Non-Federal Agency,Phoenix,AZ
AZGUARD.GOV,State/Local Govt,Non-Federal Agency,Phoenix,AZ
AZHC.GOV,State/Local Govt,Non-Federal Agency,Pheonix,AZ
AZHEALTH.GOV,State/Local Govt,Non-Federal Agency,Phoenix,AZ
AZHIGHERED.GOV,State/Local Govt,Non-Federal Agency,Phoenix,AZ
AZHOUSE.GOV,State/Local Govt,Non-Federal Agency,Phoenix,AZ
AZHOUSING.GOV,State/Local Govt,Non-Federal Agency,Phoenix,AZ
AZHS.GOV,State/Local Govt,Non-Federal Agency,Tempe,AZ
AZICA.GOV,State/Local Govt,Non-Federal Agency,Phoenix,AZ
AZINSURANCE.GOV,State/Local Govt,Non-Federal Agency,Phoenix,AZ
AZINVESTOR.GOV,State/Local Govt,Non-Federal Agency,Phoenix,AZ
AZJOBCONNECTION.GOV,State/Local Govt,Non-Federal Agency,Phoenix,AZ
AZJUVED.GOV,State/Local Govt,Non-Federal Agency,Phoenix,AZ
AZKIDSCARE.GOV,State/Local Govt,Non-Federal Agency,Phoenix,AZ
AZKIDSNEEDU.GOV,State/Local Govt,Non-Federal Agency,Phoenix,AZ
AZLAND.GOV,State/Local Govt,Non-Federal Agency,Phoenix,AZ
AZLEG.GOV,State/Local Govt,Non-Federal Agency,Phoenix,AZ
AZLGMA.GOV,State/Local Govt,Non-Federal Agency,Phoenix,AZ
AZLIBRARY.GOV,State/Local Govt,Non-Federal Agency,Phoenix,AZ
AZLINKS.GOV,State/Local Govt,Non-Federal Agency,Phoenix,AZ
AZLIQUOR.GOV,State/Local Govt,Non-Federal Agency,Phoenix,AZ
AZLOTTERY.GOV,State/Local Govt,Non-Federal Agency,Phoenix,AZ
AZMAG.GOV,State/Local Govt,Non-Federal Agency,Phoenix,AZ
AZMD.GOV,State/Local Govt,Non-Federal Agency,Scottsdale,AZ
AZMFRF.GOV,State/Local Govt,Non-Federal Agency,Phoenix,AZ
AZMINORITYHEALTH.GOV,State/Local Govt,Non-Federal Agency,Phoenix,AZ
AZMORTGAGERESOURCE.GOV,State/Local Govt,Non-Federal Agency,Phoenix,AZ
AZMYFAMILYBENEFITS.GOV,State/Local Govt,Non-Federal Agency,Phoenix,AZ
AZND.GOV,State/Local Govt,Non-Federal Agency,Phoenix,AZ
AZNET.GOV,State/Local Govt,Non-Federal Agency,Phoenix,AZ
AZOCA.GOV,State/Local Govt,Non-Federal Agency,Phoenix,AZ
AZOSPB.GOV,State/Local Govt,Non-Federal Agency,phoenix,AZ
AZOT.GOV,State/Local Govt,Non-Federal Agency,Phoenix,AZ
AZPA.GOV,State/Local Govt,Non-Federal Agency,Scottsdale,AZ
AZPARKS.GOV,State/Local Govt,Non-Federal Agency,Phoenix,AZ
AZPCRPD.GOV,State/Local Govt,Non-Federal Agency,Phoenix,AZ
AZPH.GOV,State/Local Govt,Non-Federal Agency,Phoenix,AZ
AZPHARMACY.GOV,State/Local Govt,Non-Federal Agency,Phoenix,AZ
AZPOST.GOV,State/Local Govt,Non-Federal Agency,Phoenix,AZ
AZPPSE.GOV,State/Local Govt,Non-Federal Agency,Phoenix,AZ
AZPSIC.GOV,State/Local Govt,Non-Federal Agency,PHOENIX,AZ
AZQUALITYFIRST.GOV,State/Local Govt,Non-Federal Agency,Phoenix,AZ
AZRACING.GOV,State/Local Govt,Non-Federal Agency,Phoenix,AZ
AZRE.GOV,State/Local Govt,Non-Federal Agency,Phoenix,AZ
AZRECOVERY.GOV,State/Local Govt,Non-Federal Agency,Phoenix,AZ
AZRECYCLES.GOV,State/Local Govt,Non-Federal Agency,Phoenix,AZ
AZREPORTCARD.GOV,State/Local Govt,Non-Federal Agency,Phoenix,AZ
AZROC.GOV,State/Local Govt,Non-Federal Agency,Phoenix,AZ
AZRRA.GOV,State/Local Govt,Non-Federal Agency,Phoenix,AZ
AZRUCO.GOV,State/Local Govt,Non-Federal Agency,Phoenix,AZ
AZSAL.GOV,State/Local Govt,Non-Federal Agency,Phoenix,AZ
AZSENATE.GOV,State/Local Govt,Non-Federal Agency,Phoenix,AZ
AZSF.GOV,State/Local Govt,Non-Federal Agency,Phoenix,AZ
AZSFB.GOV,State/Local Govt,Non-Federal Agency,Phoenix,AZ
AZSHARE.GOV,State/Local Govt,Non-Federal Agency,Phoenix,AZ
AZSOS.GOV,State/Local Govt,Non-Federal Agency,Phoenix,AZ
AZSTATEJOBS.GOV,State/Local Govt,Non-Federal Agency,Phoenix,AZ
AZSTATEPARKS.GOV,State/Local Govt,Non-Federal Agency,Phoenix,AZ
AZSTATS.GOV,State/Local Govt,Non-Federal Agency,Phoenix,AZ
AZSTEPSUP.GOV,State/Local Govt,Non-Federal Agency,Phoenix,AZ
AZSUMMERFOOD.GOV,State/Local Govt,Non-Federal Agency,Phoenix,AZ
AZSURPLUS.GOV,State/Local Govt,Non-Federal Agency,Phoenix,AZ
AZTAXES.GOV,State/Local Govt,Non-Federal Agency,Phoenix,AZ
AZTRANSPORTATIONBOARD.GOV,State/Local Govt,Non-Federal Agency,Phoenix,AZ
AZTREASURER.GOV,State/Local Govt,Non-Federal Agency,Phoenix,AZ
AZTREASURY.GOV,State/Local Govt,Non-Federal Agency,Phoenix,AZ
AZTTT.GOV,State/Local Govt,Non-Federal Agency,Phoenix,AZ
AZTURBOCOURT.GOV,State/Local Govt,Non-Federal Agency,Phoenix,AZ
AZUI.GOV,State/Local Govt,Non-Federal Agency,Phoenix,AZ
AZUITAX.GOV,State/Local Govt,Non-Federal Agency,Phoenix,AZ
AZUNCLAIMED.GOV,State/Local Govt,Non-Federal Agency,Phoenix,AZ
AZVOICES.GOV,State/Local Govt,Non-Federal Agency,Phoenix,AZ
AZWATER.GOV,State/Local Govt,Non-Federal Agency,Phoenix,AZ
AZWATERBANK.GOV,State/Local Govt,Non-Federal Agency,Phoenix,AZ
AZWIC.GOV,State/Local Govt,Non-Federal Agency,Phoenix,AZ
AZWIFA.GOV,State/Local Govt,Non-Federal Agency,Phoenix,AZ
AZWPF.GOV,State/Local Govt,Non-Federal Agency,Phoenix,AZ
AZYES.GOV,State/Local Govt,Non-Federal Agency,Phoenix,AZ
B4WV.GOV,State/Local Govt,Non-Federal Agency,Charleston,WV
BAAQMD.GOV,State/Local Govt,Non-Federal Agency,San Francisco,CA
BABYARIZONA.GOV,State/Local Govt,Non-Federal Agency,Phoenix,AZ
BAKERSFIELD-CA.GOV,State/Local Govt,Non-Federal Agency,Bakersfield,CA
BARHARBORMAINE.GOV,State/Local Govt,Non-Federal Agency,Bar Harbor,ME
BART.GOV,State/Local Govt,Non-Federal Agency,Oakland,CA
BASSLAKEWI.GOV,State/Local Govt,Non-Federal Agency,Hayward,WI
BATONROUGELA.GOV,State/Local Govt,Non-Federal Agency,Baton Rouge,LA
BATTLEFIELDMO.GOV,State/Local Govt,Non-Federal Agency,Battlefield,MO
BAYCOUNTY-MI.GOV,State/Local Govt,Non-Federal Agency,Bay City,MI
BCCIRCLK.GOV,State/Local Govt,Non-Federal Agency,Princeton,IL
BEAUXARTS-WA.GOV,State/Local Govt,Non-Federal Agency,Beaux Arts,WA
BECKEMEYERIL.GOV,State/Local Govt,Non-Federal Agency,Beckemeyer,IL
BEGA-DC.GOV,State/Local Govt,Non-Federal Agency,Washington,DC
BELMONT.GOV,State/Local Govt,Non-Federal Agency,Belmont,CA
BENBROOK-TX.GOV,State/Local Govt,Non-Federal Agency,Benbrook,TX
BEREADYUTAH.GOV,State/Local Govt,Non-Federal Agency,Salt Lake City,UT
BERRYVILLEVA.GOV,State/Local Govt,Non-Federal Agency,Berryville,VA
BETHLEHEM-PA.GOV,State/Local Govt,Non-Federal Agency,Bethlehem,PA
BIGFLATSNY.GOV,State/Local Govt,Non-Federal Agency,Big Flats,NY
BIGHORNCOUNTYWY.GOV,State/Local Govt,Non-Federal Agency,Basin,WY
BLACKSBURG.GOV,State/Local Govt,Non-Federal Agency,Blacksburg,VA
BLISSFIELDMICHIGAN.GOV,State/Local Govt,Non-Federal Agency,Blissfield,MI
BLNC.GOV,State/Local Govt,Non-Federal Agency,Raleigh,NC
BLOOMINGTONMN.GOV,State/Local Govt,Non-Federal Agency,Bloomington,MN
BOATIDAHO.GOV,State/Local Govt,Non-Federal Agency,Boise,ID
BOIMI.GOV,State/Local Govt,Non-Federal Agency,Lansing,MI
BOONEVILLE-MS.GOV,State/Local Govt,Non-Federal Agency,Booneville,MS
BOULDER-CO.GOV,State/Local Govt,Non-Federal Agency,Boulder,CO
BOULDERCITY-NV.GOV,State/Local Govt,Non-Federal Agency,Boulder City,NV
BOULDERCITYNV.GOV,State/Local Govt,Non-Federal Agency,Boulder City,NV
BOULDERCOUNTY-CO.GOV,State/Local Govt,Non-Federal Agency,Boulder,CO
BOUNTIFULUTAH.GOV,State/Local Govt,Non-Federal Agency,Bountiful,UT
BOW-NH.GOV,State/Local Govt,Non-Federal Agency,Bow,NH
BRAINTREEMA.GOV,State/Local Govt,Non-Federal Agency,Braintree,MA
BRANDCOLORADO.GOV,State/Local Govt,Non-Federal Agency,Boulder,CO
BREWERMAINE.GOV,State/Local Govt,Non-Federal Agency,Brewer,ME
BRIDGEWATERNJ.GOV,State/Local Govt,Non-Federal Agency,Bridgewater,NJ
BRIGHTONCO.GOV,State/Local Govt,Non-Federal Agency,Brighton,CO
BROCKTON-MA.GOV,State/Local Govt,Non-Federal Agency,Brockton,MA
BROOKINGSCOUNTYSD.GOV,State/Local Govt,Non-Federal Agency,Brookings,SD
BROOMFIELDCO.GOV,State/Local Govt,Non-Federal Agency,Broomfield,CO
BRUNSWICKMD.GOV,State/Local Govt,Non-Federal Agency,Brunswick,MD
BRYANTX.GOV,State/Local Govt,Non-Federal Agency,Bryan,TX
BUCHANAN-VA.GOV,State/Local Govt,Non-Federal Agency,BUCHANAN,VA
BURKECOUNTY-GA.GOV,State/Local Govt,Non-Federal Agency,Waynesboro,GA
BURLINGTONND.GOV,State/Local Govt,Non-Federal Agency,Burlington,ND
BURLINGTONWA.GOV,State/Local Govt,Non-Federal Agency,Burlington,WA
BUSINESS4WV.GOV,State/Local Govt,Non-Federal Agency,Charleston,WV
BUYNJBONDS.GOV,State/Local Govt,Non-Federal Agency,Trenton,NJ
CA.GOV,State/Local Govt,Non-Federal Agency,Rancho Cordova,CA
CAHWNET.GOV,State/Local Govt,Non-Federal Agency,Sacramento,CA
CALAISVERMONT.GOV,State/Local Govt,Non-Federal Agency,East Calais,VT
CALIFORNIA.GOV,State/Local Govt,Non-Federal Agency,Rancho Cordova,CA
CALIFORNIADESERT.GOV,State/Local Govt,Non-Federal Agency,Barstow,CA
CAMBRIDGERETIREMENTMA.GOV,State/Local Govt,Non-Federal Agency,Cambridge,MA
CAMDENCOUNTYGA.GOV,State/Local Govt,Non-Federal Agency,Woodbine,GA
CAMPBELLCA.GOV,State/Local Govt,Non-Federal Agency,Campbell,CA
CANANDAIGUANEWYORK.GOV,State/Local Govt,Non-Federal Agency,Canandaigua,NY
CAPITALREGION.GOV,State/Local Govt,Non-Federal Agency,Fairfax,VA
CAPITALREGIONUPDATES.GOV,State/Local Govt,Non-Federal Agency,Fairfax,VA
CASAAZ.GOV,State/Local Govt,Non-Federal Agency,Phoenix,AZ
CASWELLCOUNTYNC.GOV,State/Local Govt,Non-Federal Agency,Yanceyville,NC
CELINA-TX.GOV,State/Local Govt,Non-Federal Agency,Celina,TX
CENTERLINE.GOV,State/Local Govt,Non-Federal Agency,Center Line,MI
CHAMPAIGN-IL.GOV,State/Local Govt,Non-Federal Agency,Champaign,IL
CHANDLERAZ.GOV,State/Local Govt,Non-Federal Agency,Chandler,AZ
CHEROKEECOUNTY-NC.GOV,State/Local Govt,Non-Federal Agency,Murphy,NC
CHESTERFIELD.GOV,State/Local Govt,Non-Federal Agency,Chesterfield,VA
CHESTERFIELDCOUNTY.GOV,State/Local Govt,Non-Federal Agency,Chesterfield,VA
CHESTERVT.GOV,State/Local Govt,Non-Federal Agency,Chester,VT
CHIAMASS.GOV,State/Local Govt,Non-Federal Agency,Boston,MA
CHIPPEWACOUNTYMI.GOV,State/Local Govt,Non-Federal Agency,Sault Ste Marie,MI
CHOOSEIDAHO.GOV,State/Local Govt,Non-Federal Agency,Boise,ID
CHULAVISTACA.GOV,State/Local Govt,Non-Federal Agency,Chula Vista,CA
CITYOFAUBURNWA.GOV,State/Local Govt,Non-Federal Agency,Auburn,WA
CITYOFBOSTON.GOV,State/Local Govt,Non-Federal Agency,Boston,MA
CITYOFCHAMPAIGN-IL.GOV,State/Local Govt,Non-Federal Agency,Champaign,IL
CITYOFCODY-WY.GOV,State/Local Govt,Non-Federal Agency,Cody,WY
CITYOFFARGO-ND.GOV,State/Local Govt,Non-Federal Agency,Fargo,ND
CITYOFGROTON-CT.GOV,State/Local Govt,Non-Federal Agency,Groton,CT
CITYOFHAYWARD-CA.GOV,State/Local Govt,Non-Federal Agency,Hayward,CA
CITYOFHONDO-TX.GOV,State/Local Govt,Non-Federal Agency,Hondo,TX
CITYOFHOUSTON.GOV,State/Local Govt,Non-Federal Agency,Houston,TX
CITYOFHUNTSVILLETX.GOV,State/Local Govt,Non-Federal Agency,Huntsville,TX
CITYOFIRONDALEAL.GOV,State/Local Govt,Non-Federal Agency,Irondale,AL
CITYOFLADUE-MO.GOV,State/Local Govt,Non-Federal Agency,Ladue,MO
CITYOFMENASHA-WI.GOV,State/Local Govt,Non-Federal Agency,Menasha,WI
CITYOFNOVI-MI.GOV,State/Local Govt,Non-Federal Agency,Novi,MI
CITYOFOLYMPIA-WA.GOV,State/Local Govt,Non-Federal Agency,Olympia,WA
CITYOFOLYMPIAWA.GOV,State/Local Govt,Non-Federal Agency,Olympia,WA
CITYOFPASSAICNJ.GOV,State/Local Govt,Non-Federal Agency,Passaic,NJ
CITYOFRENONV.GOV,State/Local Govt,Non-Federal Agency,Reno,NV
CITYOFROCHESTER.GOV,State/Local Govt,Non-Federal Agency,Rochester,NY
CITYOFSAFFORD-AZ.GOV,State/Local Govt,Non-Federal Agency,Safford,AZ
CITYOFSANTAANA-CA.GOV,State/Local Govt,Non-Federal Agency,Santa Ana,CA
CITYOFSEATTLE.GOV,State/Local Govt,Non-Federal Agency,Seattle,WA
CITYOFSTMARYSPA.GOV,State/Local Govt,Non-Federal Agency,St. Marys,PA
CITYOFSUNRISEFL.GOV,State/Local Govt,Non-Federal Agency,Sunrise,FL
CITYOFSUNRISEFLORIDA.GOV,State/Local Govt,Non-Federal Agency,Sunrise,FL
CITYOFWARRENPA.GOV,State/Local Govt,Non-Federal Agency,Warren,PA
CITYOFWESTPALMBEACH-FL.GOV,State/Local Govt,Non-Federal Agency,West Palm Beach,FL
CITYOLYMPIA-WA.GOV,State/Local Govt,Non-Federal Agency,Olympia,WA
CITYOLYMPIAWA.GOV,State/Local Govt,Non-Federal Agency,Olympia,WA
CLAIMITTN.GOV,State/Local Govt,Non-Federal Agency,Nashville,TN
CLARKECOUNTY.GOV,State/Local Govt,Non-Federal Agency,Berryville,VA
CLATSOPCOUNTYOR.GOV,State/Local Govt,Non-Federal Agency,Astoria,OR
CLAYCOUNTYIN.GOV,State/Local Govt,Non-Federal Agency,Brazil,IN
CLEVELANDWI.GOV,State/Local Govt,Non-Federal Agency,Cleveland,WI
CLINTONTOWNSHIP-MI.GOV,State/Local Govt,Non-Federal Agency,Clinton Township,MI
CO.GOV,State/Local Govt,Non-Federal Agency,Lakewood,CO
COAG.GOV,State/Local Govt,Non-Federal Agency,Denver,CO
COBBCOUNTYGA.GOV,State/Local Govt,Non-Federal Agency,Marietta,GA
COBERTURAMEDICAILLINOIS.GOV,State/Local Govt,Non-Federal Agency,Chicago,IL
COCICJIS.GOV,State/Local Govt,Non-Federal Agency,Golden,CO
CODOT.GOV,State/Local Govt,Non-Federal Agency,Denver,CO
COHOES-NY.GOV,State/Local Govt,Non-Federal Agency,Cohoes,NY
COLLEGEDALETN.GOV,State/Local Govt,Non-Federal Agency,Collegedale,TN
COLLEGEGOALARIZONA.GOV,State/Local Govt,Non-Federal Agency,Phoenix,AZ
COLLEGEGOALOREGON.GOV,State/Local Govt,Non-Federal Agency,Eugene,OR
COLLIERCOUNTYFL.GOV,State/Local Govt,Non-Federal Agency,Naples,FL
COLORADO.GOV,State/Local Govt,Non-Federal Agency,Lakewood,CO
COLORADOATTORNEYGENERAL.GOV,State/Local Govt,Non-Federal Agency,Denver,CO
COLORADOJUDICIAL.GOV,State/Local Govt,Non-Federal Agency,Denver,CO
COLORADOJUDICIALPERFORMANCE.GOV,State/Local Govt,Non-Federal Agency,Denver,CO
COLORADOLABORLAW.GOV,State/Local Govt,Non-Federal Agency,Denver,CO
COLORADOPOST.GOV,State/Local Govt,Non-Federal Agency,Denver,CO
COLORADOPOSTGRANTS.GOV,State/Local Govt,Non-Federal Agency,Denver,CO
COLORADORCJC.GOV,State/Local Govt,Non-Federal Agency,Denver,CO
COLORADOUI.GOV,State/Local Govt,Non-Federal Agency,Denver,CO
COLORADOWORKS.GOV,State/Local Govt,Non-Federal Agency,Denver,CO
COLUMBIASC.GOV,State/Local Govt,Non-Federal Agency,Columbia,SC
COMPARECAREWV.GOV,State/Local Govt,Non-Federal Agency,Charleston,WV
CONCORD-MA.GOV,State/Local Govt,Non-Federal Agency,Concord,MA
CONNECTINGALABAMA.GOV,State/Local Govt,Non-Federal Agency,Montgomery,AL
CONNECTND.GOV,State/Local Govt,Non-Federal Agency,Bisamarck,ND
COPIAHCOUNTYMS.GOV,State/Local Govt,Non-Federal Agency,Hazlehurst,MS
CORUNNA-MI.GOV,State/Local Govt,Non-Federal Agency,Corunna,MI
COSIPA.GOV,State/Local Govt,Non-Federal Agency,Denver,CO
COUNCILBLUFFS-IA.GOV,State/Local Govt,Non-Federal Agency,Council Bluffs,IA
COUNTYOFVENTURACA.GOV,State/Local Govt,Non-Federal Agency,VENTURA,CA
COURTNEWSOHIO.GOV,State/Local Govt,Non-Federal Agency,Columbus,OH
COURTSWV.GOV,State/Local Govt,Non-Federal Agency,Charleston,WV
COVERTENNESSEE.GOV,State/Local Govt,Non-Federal Agency,NASHVILLE,TN
COVERTN.GOV,State/Local Govt,Non-Federal Agency,Nashville,TN
COWORKFORCE.GOV,State/Local Govt,Non-Federal Agency,Denver,CO
CRAWFORDCOUNTYMO.GOV,State/Local Govt,Non-Federal Agency,Steelville,MO
CRESTEDBUTTE-CO.GOV,State/Local Govt,Non-Federal Agency,Crested Butte,CO
CRYSTALMN.GOV,State/Local Govt,Non-Federal Agency,Crystal,MN
CSIMT.GOV,State/Local Govt,Non-Federal Agency,Helena,MT
CSTX.GOV,State/Local Govt,Non-Federal Agency,College Station,TX
CT.GOV,State/Local Govt,Non-Federal Agency,Hartford,CT
CTALERT.GOV,State/Local Govt,Non-Federal Agency,Middletown,CT
CTBROWNFIELDS.GOV,State/Local Govt,Non-Federal Agency,Hartford,CT
CTGROWN.GOV,State/Local Govt,Non-Federal Agency,Hartford,CT
CTPROBATE.GOV,State/Local Govt,Non-Federal Agency,West Hartford,CT
DA16CO.GOV,State/Local Govt,Non-Federal Agency,LA JUNTA,CO
DANVILLE-VA.GOV,State/Local Govt,Non-Federal Agency,Danville,VA
DARIENCT.GOV,State/Local Govt,Non-Federal Agency,Darien,CT
DAVISCOUNTYUTAH.GOV,State/Local Govt,Non-Federal Agency,Farmington,UT
DC.GOV,State/Local Govt,Non-Federal Agency,Washington,DC
DCAPPEALS.GOV,State/Local Govt,Non-Federal Agency,Washington,DC
DCCODE.GOV,State/Local Govt,Non-Federal Agency,Washington,DC
DCCOUNCIL.GOV,State/Local Govt,Non-Federal Agency,Washington,DC
DCCOURT.GOV,State/Local Govt,Non-Federal Agency,Washington,DC
DCCOURTS.GOV,State/Local Govt,Non-Federal Agency,Washington,DC
DCCOURTSNEWS.GOV,State/Local Govt,Non-Federal Agency,Washington,DC
DE.GOV,State/Local Govt,Non-Federal Agency,Dover,DE
DEBTREPORTINGIOWA.GOV,State/Local Govt,Non-Federal Agency,Des Moines,IA
DECATUR-AL.GOV,State/Local Govt,Non-Federal Agency,Decatur,AL
DEL.GOV,State/Local Govt,Non-Federal Agency,Dover,DE
DELAWARE.GOV,State/Local Govt,Non-Federal Agency,Dover,DE
DELAWAREINSURANCE.GOV,State/Local Govt,Non-Federal Agency,Dover,DE
DELDOT.GOV,State/Local Govt,Non-Federal Agency,Dover,DE
DESMOINESWA.GOV,State/Local Govt,Non-Federal Agency,Des Moines,WA
DESOTOTEXAS.GOV,State/Local Govt,Non-Federal Agency,DeSoto,TX
DETROITMI.GOV,State/Local Govt,Non-Federal Agency,Detroit,MI
DEVAZ.GOV,State/Local Govt,Non-Federal Agency,Phoenix,AZ
DEXTERMI.GOV,State/Local Govt,Non-Federal Agency,Dexter,MI
DICKINSON-TX.GOV,State/Local Govt,Non-Federal Agency,Dickinson,TX
DIGITALARIZONA.GOV,State/Local Govt,Non-Federal Agency,Phoenix,AZ
DIGITALAZ.GOV,State/Local Govt,Non-Federal Agency,Phoenix,AZ
DMG.GOV,State/Local Govt,Non-Federal Agency,Barstow,CA
DNSSECOHIO.GOV,State/Local Govt,Non-Federal Agency,Columbus,OH
DNSTESTOHIO.GOV,State/Local Govt,Non-Federal Agency,Columbus,OH
DOJMT.GOV,State/Local Govt,Non-Federal Agency,Helena,MT
DORAL-FL.GOV,State/Local Govt,Non-Federal Agency,Doral,FL
DOSEOFREALITYWI.GOV,State/Local Govt,Non-Federal Agency,Madison,WI
DOUBLECHECKIOWA.GOV,State/Local Govt,Non-Federal Agency,Des Moines,IA
DRACUTMA.GOV,State/Local Govt,Non-Federal Agency,Dracut,MA
DRIVENC.GOV,State/Local Govt,Non-Federal Agency,Raleigh,NC
DUDLEYMA.GOV,State/Local Govt,Non-Federal Agency,Dudley,MA
DUMASTX.GOV,State/Local Govt,Non-Federal Agency,Dumas,TX
DUNELLEN-NJ.GOV,State/Local Govt,Non-Federal Agency,Dunellen,NJ
DURHAMNC.GOV,State/Local Govt,Non-Federal Agency,Durham,NC
DUTCHESSNY.GOV,State/Local Govt,Non-Federal Agency,Poughkeepsie,NY
DWGPA.GOV,State/Local Govt,Non-Federal Agency,Delaware Water Gap,PA
EASTHAM-MA.GOV,State/Local Govt,Non-Federal Agency,Eastham,MA
EASTON-PA.GOV,State/Local Govt,Non-Federal Agency,Easton,PA
EASTVALLEYFUSIONCENTERAZ.GOV,State/Local Govt,Non-Federal Agency,Mesa,AZ
EASTWINDSOR-CT.GOV,State/Local Govt,Non-Federal Agency,Broad Brook,CT
EAUCLAIREWI.GOV,State/Local Govt,Non-Federal Agency,Eau Claire,WI
EDGECOMBECOUNTYNC.GOV,State/Local Govt,Non-Federal Agency,Tarboro,NC
EDGEWOODKY.GOV,State/Local Govt,Non-Federal Agency,Edgewood,KY
EDUCATEIOWA.GOV,State/Local Govt,Non-Federal Agency,Des Moines,IA
EFILETEXAS.GOV,State/Local Govt,Non-Federal Agency,Austin,TX
EGREMONT-MA.GOV,State/Local Govt,Non-Federal Agency,Egremont,MA
EHAWAII.GOV,State/Local Govt,Non-Federal Agency,Honolulu,HI
EISGATEWAYPACIFICWA.GOV,State/Local Govt,Non-Federal Agency,Lacey,WA
ELBERTCOUNTY-CO.GOV,State/Local Govt,Non-Federal Agency,Kiowa,CO
ELEARNINGNC.GOV,State/Local Govt,Non-Federal Agency,Raleigh,NC
ELIZABETHTOWNKY.GOV,State/Local Govt,Non-Federal Agency,Elizabethtown,KY
ELMONTECA.GOV,State/Local Govt,Non-Federal Agency,El Monte,CA
EMANUELCO-GA.GOV,State/Local Govt,Non-Federal Agency,Swainsboro,GA
ENFIELD-CT.GOV,State/Local Govt,Non-Federal Agency,Enfield,CT
ERIECOUNTYPA.GOV,State/Local Govt,Non-Federal Agency,Erie,PA
EUGENE-OR.GOV,State/Local Govt,Non-Federal Agency,Eugene,OR
EVFCAZ.GOV,State/Local Govt,Non-Federal Agency,Mesa,AZ
EVFUSIONCENTERAZ.GOV,State/Local Govt,Non-Federal Agency,Mesa,AZ
EWYOMING.GOV,State/Local Govt,Non-Federal Agency,Cheyenne,WY
EXPLOREMAINE.GOV,State/Local Govt,Non-Federal Agency,Augusta,ME
FAIRFAXCOUNTY.GOV,State/Local Govt,Non-Federal Agency,Fairfax,VA
FAIRFAXCOUNTYVA.GOV,State/Local Govt,Non-Federal Agency,Fairfax,VA
FAIRHAVEN-MA.GOV,State/Local Govt,Non-Federal Agency,Fairhaven,MA
FAMILYRESOURCEAZ.GOV,State/Local Govt,Non-Federal Agency,Phoenix,AZ
FARGO-ND.GOV,State/Local Govt,Non-Federal Agency,Fargo,ND
FAYETTECOUNTYGA.GOV,State/Local Govt,Non-Federal Agency,Fayetteville,GA
FAYETTEVILLE-GA.GOV,State/Local Govt,Non-Federal Agency,Fayetteville,GA
FILELOCAL-WA.GOV,State/Local Govt,Non-Federal Agency,Seattle,WA
FIRESTONECO.GOV,State/Local Govt,Non-Federal Agency,Firestone,CO
FIRSTNETME.GOV,State/Local Govt,Non-Federal Agency,Augusta,ME
FIRSTTHINGSFIRSTAZ.GOV,State/Local Govt,Non-Federal Agency,Phoenix,AZ
FISHKILL-NY.GOV,State/Local Govt,Non-Federal Agency,Fishkill,NY
FL.GOV,State/Local Govt,Non-Federal Agency,Tallahassee,FL
FLBOARDOFMEDICINE.GOV,State/Local Govt,Non-Federal Agency,TALLAHASSEE,FL
FLCENSUS.GOV,State/Local Govt,Non-Federal Agency,Tallahassee,FL
FLCOURTS1.GOV,State/Local Govt,Non-Federal Agency,Pensacola,FL
FLDOI.GOV,State/Local Govt,Non-Federal Agency,Tallahassee,FL
FLHEALTH.GOV,State/Local Govt,Non-Federal Agency,Tallahassee,FL
FLHEALTH125.GOV,State/Local Govt,Non-Federal Agency,Tallahassee,FL
FLHEALTHCOMPLAINT.GOV,State/Local Govt,Non-Federal Agency,Tallahassee,FL
FLHEALTHSOURCE.GOV,State/Local Govt,Non-Federal Agency,Tallahassee,FL
FLHISTORICCAPITOL.GOV,State/Local Govt,Non-Federal Agency,Tallahassee,FL
FLHL.GOV,State/Local Govt,Non-Federal Agency,Tallahassee,FL
FLHOUSE.GOV,State/Local Govt,Non-Federal Agency,Tallahassee,FL
FLHSMV.GOV,State/Local Govt,Non-Federal Agency,Tallahassee,FL
FLLEG.GOV,State/Local Govt,Non-Federal Agency,Tallahassee,FL
FLLEGISLATIVEMAILINGS.GOV,State/Local Govt,Non-Federal Agency,Tallahassee,FL
FLORIDA.GOV,State/Local Govt,Non-Federal Agency,Tallahassee,FL
FLORIDAABUSEHOTLINE.GOV,State/Local Govt,Non-Federal Agency,Tallahassee,FL
FLORIDAHEALTH.GOV,State/Local Govt,Non-Federal Agency,Tallahassee,FL
FLORIDAHEALTHFINDER.GOV,State/Local Govt,Non-Federal Agency,Tallahassee,FL
FLORIDALOBBYIST.GOV,State/Local Govt,Non-Federal Agency,Tallahassee,FL
FLORIDANET.GOV,State/Local Govt,Non-Federal Agency,Tallahassee,FL
FLORIDAOPC.GOV,State/Local Govt,Non-Federal Agency,Tallahassee,FL
FLORIDAPACE.GOV,State/Local Govt,Non-Federal Agency,Kissimmee,FL
FLORIDAREDISTRICTING.GOV,State/Local Govt,Non-Federal Agency,Tallahassee,FL
FLORIDASACUPUNCTURE.GOV,State/Local Govt,Non-Federal Agency,TALLAHASSEE,FL
FLORIDASATHLETICTRAINING.GOV,State/Local Govt,Non-Federal Agency,TALLAHASSEE,FL
FLORIDASCHIROPRACTICMEDICINE.GOV,State/Local Govt,Non-Federal Agency,TALLAHASSEE,FL
FLORIDASCHOOLBUSSAFETY.GOV,State/Local Govt,Non-Federal Agency,Tallahassee,FL
FLORIDASCLINICALLABS.GOV,State/Local Govt,Non-Federal Agency,TALLAHASSEE,FL
FLORIDASDENTISTRY.GOV,State/Local Govt,Non-Federal Agency,TALLAHASSEE,FL
FLORIDASENATE.GOV,State/Local Govt,Non-Federal Agency,Tallahassee,FL
FLORIDASHEALTH.GOV,State/Local Govt,Non-Federal Agency,Tallahassee,FL
FLORIDASHEARINGAIDSPECIALISTS.GOV,State/Local Govt,Non-Federal Agency,TALLAHASSEE,FL
FLORIDASMASSAGETHERAPY.GOV,State/Local Govt,Non-Federal Agency,TALLAHASSEE,FL
FLORIDASMENTALHEALTHPROFESSIONS.GOV,State/Local Govt,Non-Federal Agency,TALLAHASSEE,FL
FLORIDASNURSING.GOV,State/Local Govt,Non-Federal Agency,TALLAHASSEE,FL
FLORIDASNURSINGHOMEADMIN.GOV,State/Local Govt,Non-Federal Agency,TALLAHASSEE,FL
FLORIDASOCCUPATIONALTHERAPY.GOV,State/Local Govt,Non-Federal Agency,TALLAHASSEE,FL
FLORIDASOPTICIANRY.GOV,State/Local Govt,Non-Federal Agency,TALLAHASSEE,FL
FLORIDASOPTOMETRY.GOV,State/Local Govt,Non-Federal Agency,TALLAHASSEE,FL
FLORIDASORTHOTISTSPROSTHETISTS.GOV,State/Local Govt,Non-Federal Agency,TALLAHASSEE,FL
FLORIDASOSTEOPATHICMEDICINE.GOV,State/Local Govt,Non-Federal Agency,TALLAHASSEE,FL
FLORIDASPHARMACY.GOV,State/Local Govt,Non-Federal Agency,TALLAHASSEE,FL
FLORIDASPHYSICALTHERAPY.GOV,State/Local Govt,Non-Federal Agency,TALLAHASSEE,FL
FLORIDASPODIATRICMEDICINE.GOV,State/Local Govt,Non-Federal Agency,TALLAHASSEE,FL
FLORIDASPSYCHOLOGY.GOV,State/Local Govt,Non-Federal Agency,TALLAHASSEE,FL
FLORIDASRESPIRATORYCARE.GOV,State/Local Govt,Non-Federal Agency,TALLAHASSEE,FL
FLORIDASSPEECHAUDIOLOGY.GOV,State/Local Govt,Non-Federal Agency,TALLAHASSEE,FL
FLORIDASUNSETREVIEWS.GOV,State/Local Govt,Non-Federal Agency,Tallahassee,FL
FLORIDASUNSHINE.GOV,State/Local Govt,Non-Federal Agency,Tallahassee,FL
FLRCM.GOV,State/Local Govt,Non-Federal Agency,Tallahassee,FL
FLSENATE.GOV,State/Local Govt,Non-Federal Agency,Tallahassee,FL
FLSUNSHINE.GOV,State/Local Govt,Non-Federal Agency,Tallahassee,FL
FLWG.GOV,State/Local Govt,Non-Federal Agency,Opa Locka,FL
FOIA-DC.GOV,State/Local Govt,Non-Federal Agency,Washington,DC
FOIAXPRESS-DC.GOV,State/Local Govt,Non-Federal Agency,Washington,DC
FORTLAUDERDALE.GOV,State/Local Govt,Non-Federal Agency,Fort Lauderdale,FL
FRAMES.GOV,State/Local Govt,Non-Federal Agency,Moscow,ID
FRANKLIN-NJ.GOV,State/Local Govt,Non-Federal Agency,Someret,NJ
FRANKLINNJ.GOV,State/Local Govt,Non-Federal Agency,Somerset,NJ
FRANKLINWI.GOV,State/Local Govt,Non-Federal Agency,Franklin,WI
FREEPORTFLORIDA.GOV,State/Local Govt,Non-Federal Agency,Freeport,FL
FREMONT.GOV,State/Local Govt,Non-Federal Agency,Fremont,CA
FREMONTCOUNTYWY.GOV,State/Local Govt,Non-Federal Agency,Lander,WY
FRESHFROMFLORIDA.GOV,State/Local Govt,Non-Federal Agency,Tallahassee,FL
FRESNO.GOV,State/Local Govt,Non-Federal Agency,Fresno,CA
FRISCOTEXAS.GOV,State/Local Govt,Non-Federal Agency,Frisco,TX
FRISCOTX.GOV,State/Local Govt,Non-Federal Agency,Frisco,TX
FUTUREREADYIOWA.GOV,State/Local Govt,Non-Federal Agency,Des Moines,IA
GA.GOV,State/Local Govt,Non-Federal Agency,Atlanta,GA
GACOURTS.GOV,State/Local Govt,Non-Federal Agency,Atlanta,GA
GADOL.GOV,State/Local Govt,Non-Federal Agency,Atlanta,GA
GAITHERSBURGMD.GOV,State/Local Govt,Non-Federal Agency,Gaithersburg,MD
GARDNER-MA.GOV,State/Local Govt,Non-Federal Agency,GARDNER,MA
GATREES.GOV,State/Local Govt,Non-Federal Agency,Dry Branch,GA
GAUTIER-MS.GOV,State/Local Govt,Non-Federal Agency,Gautier,MS
GEARUPIOWA.GOV,State/Local Govt,Non-Federal Agency,Des Moines,IA
GEARUPTN.GOV,State/Local Govt,Non-Federal Agency,Nashville,TN
GEORGETOWNMA.GOV,State/Local Govt,Non-Federal Agency,Georgetown,MA
GEORGIA.GOV,State/Local Govt,Non-Federal Agency,Atlanta,GA
GEORGIACOURTS.GOV,State/Local Govt,Non-Federal Agency,Atlanta,GA
GEORGIAHEALTHINFO.GOV,State/Local Govt,Non-Federal Agency,Atlanta,GA
GETCOVEREDILLINOIS.GOV,State/Local Govt,Non-Federal Agency,Chicago,IL
GETKANSASBENEFITS.GOV,State/Local Govt,Non-Federal Agency,Topeka,KS
GETREADYHAWAII.GOV,State/Local Govt,Non-Federal Agency,Honolulu,HI
GILBERTAZ.GOV,State/Local Govt,Non-Federal Agency,Gilbert,AZ
GIS10SERVICEMT.GOV,State/Local Govt,Non-Federal Agency,Helena,MT
GISSERVICEMT.GOV,State/Local Govt,Non-Federal Agency,Helena,MT
GISTESTSERVICEMT.GOV,State/Local Govt,Non-Federal Agency,Helena,MT
GLYNNCOUNTY-GA.GOV,State/Local Govt,Non-Federal Agency,Brunswick,GA
GOCC.GOV,State/Local Govt,Non-Federal Agency,Corvallis,OR
GOVOTEVERMONT.GOV,State/Local Govt,Non-Federal Agency,Montpelier,VT
GRANBY-CT.GOV,State/Local Govt,Non-Federal Agency,Granby,CT
GRAYSONCOUNTYVA.GOV,State/Local Govt,Non-Federal Agency,Independence,VA
GREATIOWATREASUREHUNT.GOV,State/Local Govt,Non-Federal Agency,Des Moines,IA
GREENSBORO-NC.GOV,State/Local Govt,Non-Federal Agency,Greensboro,NC
GREENSVILLECOUNTYVA.GOV,State/Local Govt,Non-Federal Agency,Emporia,VA
GRFDAZ.GOV,State/Local Govt,Non-Federal Agency,Tucson,AZ
GRINNELLIOWA.GOV,State/Local Govt,Non-Federal Agency,Grinnell,IA
GUAM.GOV,State/Local Govt,Non-Federal Agency,Agana,GU
HADDONFIELD-NJ.GOV,State/Local Govt,Non-Federal Agency,Haddonfield,NJ
HAMILTON-NY.GOV,State/Local Govt,Non-Federal Agency,HAMILTON,NY
HAMILTONMA.GOV,State/Local Govt,Non-Federal Agency,So. Hamilton,MA
HAMILTONTN.GOV,State/Local Govt,Non-Federal Agency,Chattanooga,TN
HAMPTONNH.GOV,State/Local Govt,Non-Federal Agency,Hampton,NH
HAMPTONVA.GOV,State/Local Govt,Non-Federal Agency,Hampton,VA
HANOVER.GOV,State/Local Govt,Non-Federal Agency,Hanover,VA
HANOVERCOUNTY.GOV,State/Local Govt,Non-Federal Agency,Hanover,VA
HANOVERCOUNTYVA.GOV,State/Local Govt,Non-Federal Agency,Hanover,VA
HARFORDCOUNTYMD.GOV,State/Local Govt,Non-Federal Agency,Bel Air,MD
HARMARTOWNSHIP-PA.GOV,State/Local Govt,Non-Federal Agency,Freeport,PA
HARRINGTONPARKNJ.GOV,State/Local Govt,Non-Federal Agency,HARRINGTON PARK,NJ
HARRISON-NY.GOV,State/Local Govt,Non-Federal Agency,Harrison,NY
HARRISONCOUNTY-MS.GOV,State/Local Govt,Non-Federal Agency,Gulfport,MS
HARRISONTWP-PA.GOV,State/Local Govt,Non-Federal Agency,Natrona Heights,PA
HAWAII.GOV,State/Local Govt,Non-Federal Agency,Honolulu,HI
HAYESTOWNSHIPMI.GOV,State/Local Govt,Non-Federal Agency,Charlevoix,MI
HAYWARD-CA.GOV,State/Local Govt,Non-Federal Agency,Hayward,CA
HCSHERIFF.GOV,State/Local Govt,Non-Federal Agency,Chattanooga,TN
HEALTH-E-ARIZONA-PLUS.GOV,State/Local Govt,Non-Federal Agency,Phoenix,AZ
HEALTH-E-ARIZONAPLUS.GOV,State/Local Govt,Non-Federal Agency,Phoenix,AZ
HEALTHCAREHELPMASS.GOV,State/Local Govt,Non-Federal Agency,Boston,MA
HEALTHEARIZONA.GOV,State/Local Govt,Non-Federal Agency,Phoenix,AZ
HEALTHEARIZONAPLUS.GOV,State/Local Govt,Non-Federal Agency,Phoenix,AZ
HEALTHVERMONT.GOV,State/Local Govt,Non-Federal Agency,Burlington,VT
HEALTHYIOWA.GOV,State/Local Govt,Non-Federal Agency,Des Moines,IA
HEALTHYSD.GOV,State/Local Govt,Non-Federal Agency,Pierre,SD
HEALTHYTEETHAZ.GOV,State/Local Govt,Non-Federal Agency,Phoenix,AZ
HI.GOV,State/Local Govt,Non-Federal Agency,Honolulu,HI
HIGHPOINT-NC.GOV,State/Local Govt,Non-Federal Agency,High Point,NC
HIGHPOINTNC.GOV,State/Local Govt,Non-Federal Agency,High Point,NC
HIJOSSALUDABLESOREGON.GOV,State/Local Govt,Non-Federal Agency,Salem,OR
HIREACOLORADOVET.GOV,State/Local Govt,Non-Federal Agency,Denver,CO
HOMEAGAINNEVADA.GOV,State/Local Govt,Non-Federal Agency,Las Vegas,NV
HOMEBASEIOWA.GOV,State/Local Govt,Non-Federal Agency,Des Moines,IA
HOMEMEANSNEVADA.GOV,State/Local Govt,Non-Federal Agency,Las Vegas,NV
HONDO-TX.GOV,State/Local Govt,Non-Federal Agency,Hondo,TX
HONOLULU.GOV,State/Local Govt,Non-Federal Agency,Honolulu,HI
HOUSTONTX.GOV,State/Local Govt,Non-Federal Agency,Houston,TX
HUNTSVILLETX.GOV,State/Local Govt,Non-Federal Agency,Huntsville,TX
HURONTOWNSHIP-MI.GOV,State/Local Govt,Non-Federal Agency,New Boston,MI
IA.GOV,State/Local Govt,Non-Federal Agency,Des Moines,IA
IAABATEDOC.GOV,State/Local Govt,Non-Federal Agency,Des Moines,IA
IAHEALTHLINK.GOV,State/Local Govt,Non-Federal Agency,Des Moines,IA
IASHP.GOV,State/Local Govt,Non-Federal Agency,Des Moines,IA
IASIMPLEABATE.GOV,State/Local Govt,Non-Federal Agency,Des Moines,IA
IAVOTERS.GOV,State/Local Govt,Non-Federal Agency,Des Moines,IA
ID.GOV,State/Local Govt,Non-Federal Agency,Boise,ID
IDAHO.GOV,State/Local Govt,Non-Federal Agency,Boise,ID
IDAHOBYWAYS.GOV,State/Local Govt,Non-Federal Agency,Boise,ID
IDAHOPREPARES.GOV,State/Local Govt,Non-Federal Agency,Boise,ID
IDAHOVOTES.GOV,State/Local Govt,Non-Federal Agency,Boise,ID
IDAHOWORKS.GOV,State/Local Govt,Non-Federal Agency,Boise,ID
IHAVEAPLANIOWA.GOV,State/Local Govt,Non-Federal Agency,Des Moines,IA
IJOBSIOWA.GOV,State/Local Govt,Non-Federal Agency,Des Moines,IA
IL.GOV,State/Local Govt,Non-Federal Agency,Springfield,IL
ILATTORNEYGENERAL.GOV,State/Local Govt,Non-Federal Agency,Chicago,IL
ILGA.GOV,State/Local Govt,Non-Federal Agency,Springfield,IL
ILLINOIS-HISTORY.GOV,State/Local Govt,Non-Federal Agency,Springfield,IL
ILLINOIS.GOV,State/Local Govt,Non-Federal Agency,Springfield,IL
ILLINOISATTORNEYGENERAL.GOV,State/Local Govt,Non-Federal Agency,Chicago,IL
ILLINOISCOMPTROLLER.GOV,State/Local Govt,Non-Federal Agency,Springfield,IL
ILLINOISCOURTS.GOV,State/Local Govt,Non-Federal Agency,Springfield,IL
ILLINOISHISTORY.GOV,State/Local Govt,Non-Federal Agency,Springfield,IL
ILLINOISTREASURER.GOV,State/Local Govt,Non-Federal Agency,Springfield,IL
ILSOS.GOV,State/Local Govt,Non-Federal Agency,Springfield,IL
IN.GOV,State/Local Govt,Non-Federal Agency,Indianapolis,IN
INCOURTS.GOV,State/Local Govt,Non-Federal Agency,Indianapolis,IN
INDEPENDENCEMO.GOV,State/Local Govt,Non-Federal Agency,Independence,MO
INDIANA.GOV,State/Local Govt,Non-Federal Agency,Indianapolis,IN
INDIANAMOTORSPORTS.GOV,State/Local Govt,Non-Federal Agency,Indianapolis,IN
INDIANAUNCLAIMED.GOV,State/Local Govt,Non-Federal Agency,Indianapolis,IN
INDIANHEADPARK-IL.GOV,State/Local Govt,Non-Federal Agency,Indian Head Park,IL
INNOCENCECOMMISSION-NC.GOV,State/Local Govt,Non-Federal Agency,Raleigh,NC
INTEGRATEAZ.GOV,State/Local Govt,Non-Federal Agency,Phoenix,AZ
INVESTINIOWA.GOV,State/Local Govt,Non-Federal Agency,Des Moines,IA
IOWA.GOV,State/Local Govt,Non-Federal Agency,Des Moines,IA
IOWAAGING.GOV,State/Local Govt,Non-Federal Agency,Des Moines,IA
IOWAAGRICULTURE.GOV,State/Local Govt,Non-Federal Agency,Des Moines,IA
IOWAATTORNEYGENERAL.GOV,State/Local Govt,Non-Federal Agency,Des Moines,IA
IOWACHILDSUPPORT.GOV,State/Local Govt,Non-Federal Agency,Des Moines,IA
IOWACLEANAIR.GOV,State/Local Govt,Non-Federal Agency,Des Moines,IA
IOWACOLLEGEAID.GOV,State/Local Govt,Non-Federal Agency,Des Moines,IA
IOWACOLLEGEAIDDATACENTER.GOV,State/Local Govt,Non-Federal Agency,Des Moines,IA
IOWACORE.GOV,State/Local Govt,Non-Federal Agency,Des Moines,IA
IOWACOURTS.GOV,State/Local Govt,Non-Federal Agency,Des Moines,IA
IOWACULTURE.GOV,State/Local Govt,Non-Federal Agency,Des Moines,IA
IOWADIVISIONOFLABOR.GOV,State/Local Govt,Non-Federal Agency,Des Moines,IA
IOWADNR.GOV,State/Local Govt,Non-Federal Agency,Des Moines,IA
IOWADOT.GOV,State/Local Govt,Non-Federal Agency,Des Moines,IA
IOWAELECTRICAL.GOV,State/Local Govt,Non-Federal Agency,Des Moines,IA
IOWAELEVATORS.GOV,State/Local Govt,Non-Federal Agency,Des Moines,IA
IOWAFINANCEAUTHORITY.GOV,State/Local Govt,Non-Federal Agency,Des Moines,IA
IOWAFINANCIALAIDAPPLICATION.GOV,State/Local Govt,Non-Federal Agency,Des Moines,IA
IOWAFORMS.GOV,State/Local Govt,Non-Federal Agency,Des Moines,IA
IOWAFRAUDFIGHTERS.GOV,State/Local Govt,Non-Federal Agency,Des Moines,IA
IOWAGRANTS.GOV,State/Local Govt,Non-Federal Agency,Des Moines,IA
IOWAGREATPLACES.GOV,State/Local Govt,Non-Federal Agency,Des Moines,IA
IOWAJNC.GOV,State/Local Govt,Non-Federal Agency,Des Moines,IA
IOWAJQC.GOV,State/Local Govt,Non-Federal Agency,Des Moines,IA
IOWALIFT.GOV,State/Local Govt,Non-Federal Agency,Des Moines,IA
IOWALMI.GOV,State/Local Govt,Non-Federal Agency,Des Moines,IA
IOWAMORTGAGEHELP.GOV,State/Local Govt,Non-Federal Agency,Des Moines,IA
IOWANEXT.GOV,State/Local Govt,Non-Federal Agency,Des Moines,IA
IOWAOSHA.GOV,State/Local Govt,Non-Federal Agency,Des Moines,IA
IOWAPIB.GOV,State/Local Govt,Non-Federal Agency,Des Moines,IA
IOWAPMA.GOV,State/Local Govt,Non-Federal Agency,Des Moines,IA
IOWASMOKEFREEAIR.GOV,State/Local Govt,Non-Federal Agency,Des Moines,IA
IOWASTEM.GOV,State/Local Govt,Non-Federal Agency,Des Moines,IA
IOWATAXANDTAGS.GOV,State/Local Govt,Non-Federal Agency,Des Moines,IA
IOWATEST.GOV,State/Local Govt,Non-Federal Agency,Des Moines,IA
IOWATITLEGUARANTY.GOV,State/Local Govt,Non-Federal Agency,Des Moines,IA
IOWATREASURER.GOV,State/Local Govt,Non-Federal Agency,Des Moines,IA
IOWAWORKCOMP.GOV,State/Local Govt,Non-Federal Agency,Des Moines,IA
IOWAWORKFORCE.GOV,State/Local Govt,Non-Federal Agency,Des Moines,IA
IOWAWORKFORCEDEVELOPMENT.GOV,State/Local Govt,Non-Federal Agency,Des Moines,IA
JACKSONVILLENC.GOV,State/Local Govt,Non-Federal Agency,Jacksonville,NC
JASPERINDIANA.GOV,State/Local Govt,Non-Federal Agency,Jasper,IN
JERSEYCITYNJ.GOV,State/Local Govt,Non-Federal Agency,Jersey City,NJ
JOBS4TN.GOV,State/Local Govt,Non-Federal Agency,Nashville,TN
JOBSFORTN.GOV,State/Local Govt,Non-Federal Agency,38401,TN
JUDNJ.GOV,State/Local Govt,Non-Federal Agency,Trenton,NJ
KANAWHACOUNTYWV.GOV,State/Local Govt,Non-Federal Agency,Charleston,WV
KANSAS.GOV,State/Local Govt,Non-Federal Agency,Topeka,KS
KANSASCITYMO.GOV,State/Local Govt,Non-Federal Agency,Kansas City,MO
KANSASEMPLOYER.GOV,State/Local Govt,Non-Federal Agency,Topeka,KS
KANSASMONEY.GOV,State/Local Govt,Non-Federal Agency,Topeka,KS
KANSASREADY.GOV,State/Local Govt,Non-Federal Agency,Topeka,KS
KANSASTAG.GOV,State/Local Govt,Non-Federal Agency,Topeka,KS
KCMO.GOV,State/Local Govt,Non-Federal Agency,Kansas City,MO
KDHEKS.GOV,State/Local Govt,Non-Federal Agency,Topeka,KS
KEITHCOUNTYNE.GOV,State/Local Govt,Non-Federal Agency,Ogallala,NE
KENTCOUNTYMI.GOV,State/Local Govt,Non-Federal Agency,Grand Rapids,MI
KENTUCKY.GOV,State/Local Govt,Non-Federal Agency,Frankfort,KY
KIDCENTRALTENNESSEE.GOV,State/Local Govt,Non-Federal Agency,Nashville,TN
KIDCENTRALTN.GOV,State/Local Govt,Non-Federal Agency,Nashville,TN
KPL.GOV,State/Local Govt,Non-Federal Agency,KALAMAZOO,MI
KS.GOV,State/Local Govt,Non-Federal Agency,Topeka,KS
KSDA.GOV,State/Local Govt,Non-Federal Agency,Topeka,KS
KSHOUSINGCORP.GOV,State/Local Govt,Non-Federal Agency,Topeka,KS
KSREADY.GOV,State/Local Govt,Non-Federal Agency,Topeka,KS
KY.GOV,State/Local Govt,Non-Federal Agency,Frankfort,KY
LA.GOV,State/Local Govt,Non-Federal Agency,Baton Rouge,LA
LAFASTSTART.GOV,State/Local Govt,Non-Federal Agency,Baton Rouge,LA
LAFAYETTELA.GOV,State/Local Govt,Non-Federal Agency,Lafayette,LA
LAGUNAHILLSCA.GOV,State/Local Govt,Non-Federal Agency,Laguna Hills,CA
LAJUDICIAL.GOV,State/Local Govt,Non-Federal Agency,New Orleans,LA
LAKECOUNTYFL.GOV,State/Local Govt,Non-Federal Agency,Tavares,FL
LAKEJACKSON-TX.GOV,State/Local Govt,Non-Federal Agency,Lake Jackson,TX
LAKEPARK-FL.GOV,State/Local Govt,Non-Federal Agency,Lake Park,FL
LAKEPARKFLORIDA.GOV,State/Local Govt,Non-Federal Agency,Lake Park,FL
LAKESITETN.GOV,State/Local Govt,Non-Federal Agency,Lakesite,TN
LAMOINE-ME.GOV,State/Local Govt,Non-Federal Agency,Lamoine,ME
LANCASTERCOUNTYPA.GOV,State/Local Govt,Non-Federal Agency,Lancaster,PA
LASVEGASNEVADA.GOV,State/Local Govt,Non-Federal Agency,Las Vegas,NV
LEADERSHIPAZ.GOV,State/Local Govt,Non-Federal Agency,Phoenix,AZ
LEADVILLE-CO.GOV,State/Local Govt,Non-Federal Agency,Leadville,CO
LEESBURGVA.GOV,State/Local Govt,Non-Federal Agency,Leesburg,VA
LEGMT.GOV,State/Local Govt,Non-Federal Agency,Helena,MT
LEXINGTON-MA.GOV,State/Local Govt,Non-Federal Agency,Lexington,MA
LEXINGTONMA.GOV,State/Local Govt,Non-Federal Agency,Lexington,MA
LGADMI.GOV,State/Local Govt,Non-Federal Agency,Lansing,MI
LGO-VI.GOV,State/Local Govt,Non-Federal Agency,St. Thomas,VI
LICENSEDINIOWA.GOV,State/Local Govt,Non-Federal Agency,Des Moines,IA
LINCOLNSHIREIL.GOV,State/Local Govt,Non-Federal Agency,Lincolnshire,IL
LISTOVIRGINIA.GOV,State/Local Govt,Non-Federal Agency,Richmond,VA
LIVEHEALTHYNEVADA.GOV,State/Local Govt,Non-Federal Agency,Carson City,NV
LODI.GOV,State/Local Govt,Non-Federal Agency,Lodi,CA
LODICA.GOV,State/Local Govt,Non-Federal Agency,Lodi,CA
LOGANTOWNSHIP-PA.GOV,State/Local Govt,Non-Federal Agency,Altoona,PA
LONDONBRITAINTOWNSHIP-PA.GOV,State/Local Govt,Non-Federal Agency,Landenberg,PA
LONGVIEW-WA.GOV,State/Local Govt,Non-Federal Agency,Longview,WA
LONGVIEWWA.GOV,State/Local Govt,Non-Federal Agency,Longview,WA
LOSGATOSCA.GOV,State/Local Govt,Non-Federal Agency,Los Gatos,CA
LOSLUNASNM.GOV,State/Local Govt,Non-Federal Agency,Los Lunas,NM
LOUDOUNCOUNTYVA.GOV,State/Local Govt,Non-Federal Agency,Leesburg,VA
LOUISIANA.GOV,State/Local Govt,Non-Federal Agency,Baton Rouge,LA
LOUISIANAENTERTAINMENT.GOV,State/Local Govt,Non-Federal Agency,Baton Rouge,LA
LOUISIANAFASTSTART.GOV,State/Local Govt,Non-Federal Agency,Baton Rouge,LA
LOUISIANAMAP.GOV,State/Local Govt,Non-Federal Agency,Baton Rouge,LA
LOUISIANAMUSIC.GOV,State/Local Govt,Non-Federal Agency,Baton Rouge,LA
LOWELL-OR.GOV,State/Local Govt,Non-Federal Agency,Lowell,OR
LOWELLMA.GOV,State/Local Govt,Non-Federal Agency,Lowell,MA
LOWERPAXTON-PA.GOV,State/Local Govt,Non-Federal Agency,Harrisburg,PA
LOXAHATCHEEGROVESFL.GOV,State/Local Govt,Non-Federal Agency,Loxahatchee Groves,FL
LYNCHBURGVA.GOV,State/Local Govt,Non-Federal Agency,Lynchburg,VA
MA.GOV,State/Local Govt,Non-Federal Agency,Boston,MA
MAHOUSE.GOV,State/Local Govt,Non-Federal Agency,Boston,MA
MAINE.GOV,State/Local Govt,Non-Federal Agency,Augusta,ME
MAINEDOT.GOV,State/Local Govt,Non-Federal Agency,Augusta,ME
MAINEFLU.GOV,State/Local Govt,Non-Federal Agency,Augusta,ME
MAINEFORESTSERVICE.GOV,State/Local Govt,Non-Federal Agency,AUGUSTA,ME
MAINEPUBLICHEALTH.GOV,State/Local Govt,Non-Federal Agency,Augusta,ME
MAINEQUALITYFORUM.GOV,State/Local Govt,Non-Federal Agency,Augusta,ME
MAINESERVICECOMMISSION.GOV,State/Local Govt,Non-Federal Agency,Augusta,ME
MAJURY.GOV,State/Local Govt,Non-Federal Agency,Boston,MA
MAKINGCOLORADO.GOV,State/Local Govt,Non-Federal Agency,Boulder,CO
MALEGISLATURE.GOV,State/Local Govt,Non-Federal Agency,Boston,MA
MALIBU-CA.GOV,State/Local Govt,Non-Federal Agency,Malibu,CA
MANITOUSPRINGS-CO.GOV,State/Local Govt,Non-Federal Agency,Colorado Springs,CO
MANSFIELD-TX.GOV,State/Local Govt,Non-Federal Agency,Mansfield,TX
MAPWV.GOV,State/Local Govt,Non-Federal Agency,Morgantown,WV
MARICOPA.GOV,State/Local Govt,Non-Federal Agency,Phoenix,AZ
MARIETTAGA.GOV,State/Local Govt,Non-Federal Agency,Marietta,GA
MARIETTAGEORGIA.GOV,State/Local Govt,Non-Federal Agency,Marietta,GA
MARSHFIELD-MA.GOV,State/Local Govt,Non-Federal Agency,Marshfield,MA
MARYLAND.GOV,State/Local Govt,Non-Federal Agency,Annapolis,MD
MARYLANDCOURTS.GOV,State/Local Govt,Non-Federal Agency,Annapolis,MD
MARYLANDHEALTHCONNECTION.GOV,State/Local Govt,Non-Federal Agency,Baltimore,MD
MARYLANDSOS.GOV,State/Local Govt,Non-Federal Agency,ANNAPOLIS,MD
MASENATE.GOV,State/Local Govt,Non-Federal Agency,Boston,MA
MASS.GOV,State/Local Govt,Non-Federal Agency,Boston,MA
MASSACHUSETTS.GOV,State/Local Govt,Non-Federal Agency,Boston,MA
MASTICBEACHVILLAGENY.GOV,State/Local Govt,Non-Federal Agency,Mastic Beach,NY
MATTHEWSNC.GOV,State/Local Govt,Non-Federal Agency,Matthews,NC
MAURYCOUNTY-TN.GOV,State/Local Govt,Non-Federal Agency,Columbia,TN
MCAC-MD.GOV,State/Local Govt,Non-Federal Agency,Calverton ,MD
MD.GOV,State/Local Govt,Non-Federal Agency,Annapolis,MD
MDCAC.GOV,State/Local Govt,Non-Federal Agency,Woodlawn,MD
MDCACDOM.GOV,State/Local Govt,Non-Federal Agency,Woodlawn,MD
MDCOURTS.GOV,State/Local Govt,Non-Federal Agency,Annapolis,MD
ME.GOV,State/Local Govt,Non-Federal Agency,Augusta,ME
MEASURETN.GOV,State/Local Govt,Non-Federal Agency,Nashville,TN
MEDCMI.GOV,State/Local Govt,Non-Federal Agency,Lansing,MI
MENTORMICHIGAN.GOV,State/Local Govt,Non-Federal Agency,Lansing,MI
MESQUITENV.GOV,State/Local Govt,Non-Federal Agency,Mesquite,NV
MGCBMI.GOV,State/Local Govt,Non-Federal Agency,Lansing,MI
MHB.GOV,State/Local Govt,Non-Federal Agency,Mobile,AL
MI.GOV,State/Local Govt,Non-Federal Agency,Lansing,MI
MI365.GOV,State/Local Govt,Non-Federal Agency,Lansing,MI
MIAMI-FL.GOV,State/Local Govt,Non-Federal Agency,Miami,FL
MIAMIAZ.GOV,State/Local Govt,Non-Federal Agency,Miami,AZ
MIBUSINESS1STOP.GOV,State/Local Govt,Non-Federal Agency,Lansing,MI
MIBUSINESSONESTOP.GOV,State/Local Govt,Non-Federal Agency,Lansing,MI
MICH.GOV,State/Local Govt,Non-Federal Agency,Lansing,MI
MICHIGAN.GOV,State/Local Govt,Non-Federal Agency,Lansing,MI
MICHIGANIDC.GOV,State/Local Govt,Non-Federal Agency,Lansing,MI
MIDDLESEXBORO-NJ.GOV,State/Local Govt,Non-Federal Agency,Middlesex,NJ
MILLENNIUMBULKEISWA.GOV,State/Local Govt,Non-Federal Agency,Lacey,WA
MILLERSBURGKY.GOV,State/Local Govt,Non-Federal Agency,Millersburg,KY
MILTON-FREEWATER-OR.GOV,State/Local Govt,Non-Federal Agency,Milton-Freewater,OR
MILWAUKEE.GOV,State/Local Govt,Non-Federal Agency,Milwaukee,WI
MINNESOTA.GOV,State/Local Govt,Non-Federal Agency,St. Paul,MN
MIRAMAR-FL.GOV,State/Local Govt,Non-Federal Agency,Miramar,FL
MISSISSIPPI.GOV,State/Local Govt,Non-Federal Agency,Jackson,MS
MISSOURI.GOV,State/Local Govt,Non-Federal Agency,Jefferson City,MO
MISSOURIINVESTORPROTECTION.GOV,State/Local Govt,Non-Federal Agency,Jefferson City,MO
MN.GOV,State/Local Govt,Non-Federal Agency,St. Paul,MN
MNCOURTS.GOV,State/Local Govt,Non-Federal Agency,St. Paul,MN
MNDISABILITY.GOV,State/Local Govt,Non-Federal Agency,St. Paul,MN
MNDNR.GOV,State/Local Govt,Non-Federal Agency,St. Paul,MN
MNDOT.GOV,State/Local Govt,Non-Federal Agency,St. Paul,MN
MNHOUSING.GOV,State/Local Govt,Non-Federal Agency,St. Paul,MN
MO.GOV,State/Local Govt,Non-Federal Agency,Jefferson City,MO
MOAPPED.GOV,State/Local Govt,Non-Federal Agency,St. Louis,MO
MODOT.GOV,State/Local Govt,Non-Federal Agency,Jefferson City,MO
MONROECOUNTYPA.GOV,State/Local Govt,Non-Federal Agency,Stroudsburg,PA
MONSON-MA.GOV,State/Local Govt,Non-Federal Agency,Monson,MA
MONTANA.GOV,State/Local Govt,Non-Federal Agency,Helena,MT
MOORECOUNTYNC.GOV,State/Local Govt,Non-Federal Agency,Carthage,NC
MOPROSECUTORS.GOV,State/Local Govt,Non-Federal Agency,Jefferson City,MO
MORIARTYNM.GOV,State/Local Govt,Non-Federal Agency,Moriarty,NM
MORTON-IL.GOV,State/Local Govt,Non-Federal Agency,Morton,IL
MOUNTPROSPECT-IL.GOV,State/Local Govt,Non-Federal Agency,Mount Prospect,IL
MOUNTPROSPECTIL.GOV,State/Local Govt,Non-Federal Agency,Mount Prospect,IL
MRCOG-NM.GOV,State/Local Govt,Non-Federal Agency,Albuquerque,NM
MS.GOV,State/Local Govt,Non-Federal Agency,Jackson,MS
MSHOMEHELP.GOV,State/Local Govt,Non-Federal Agency,Jackson,MS
MSLMI.GOV,State/Local Govt,Non-Federal Agency,Lansing,MI
MSPADMI.GOV,State/Local Govt,Non-Federal Agency,Lansing,MI
MT.GOV,State/Local Govt,Non-Federal Agency,Helena,MT
MUNDELEIN-IL.GOV,State/Local Govt,Non-Federal Agency,Mundelein,IL
MUNDYTWP-MI.GOV,State/Local Govt,Non-Federal Agency,Swartz Creek,MI
MURRAYCOUNTYGA.GOV,State/Local Govt,Non-Federal Agency,Chatsworth,GA
MVPD.GOV,State/Local Govt,Non-Federal Agency,Mountain View,CA
MYALABAMA.GOV,State/Local Govt,Non-Federal Agency,Montgomery,AL
MYALASKA.GOV,State/Local Govt,Non-Federal Agency,Juneau,AK
MYFLORIDA.GOV,State/Local Govt,Non-Federal Agency,Tallahassee,FL
MYFLORIDACENSUS.GOV,State/Local Govt,Non-Federal Agency,Tallahassee,FL
MYFLORIDAHOUSE.GOV,State/Local Govt,Non-Federal Agency,Tallahassee,FL
MYHAWAII.GOV,State/Local Govt,Non-Federal Agency,Honolulu,HI
MYIN.GOV,State/Local Govt,Non-Federal Agency,Indianapolis,IN
MYINDIANA.GOV,State/Local Govt,Non-Federal Agency,Indianapolis,IN
MYNCRETIREMENT.GOV,State/Local Govt,Non-Federal Agency,Raleigh,NC
MYNEVADA.GOV,State/Local Govt,Non-Federal Agency,Carson City,NV
MYOHIO.GOV,State/Local Govt,Non-Federal Agency,Columbus,OH
MYSC.GOV,State/Local Govt,Non-Federal Agency,Cloumbia,SC
MYTENNESSEE.GOV,State/Local Govt,Non-Federal Agency,Smyrna,TN
NAPA-CA.GOV,State/Local Govt,Non-Federal Agency,Napa,CA
NASHCOUNTYNC.GOV,State/Local Govt,Non-Federal Agency,Nashville,NC
NASSAUCOUNTYNY.GOV,State/Local Govt,Non-Federal Agency,Mineola,NY
NATICKMA.GOV,State/Local Govt,Non-Federal Agency,Natick,MA
NATRONACOUNTY-WY.GOV,State/Local Govt,Non-Federal Agency,Casper,WY
NAVASOTATX.GOV,State/Local Govt,Non-Federal Agency,Navasota,TX
NAZARETHBOROUGHPA.GOV,State/Local Govt,Non-Federal Agency,Nazareth,PA
NC.GOV,State/Local Govt,Non-Federal Agency,Raleigh,NC
NCAGR.GOV,State/Local Govt,Non-Federal Agency,Raleigh,NC
NCBAR.GOV,State/Local Govt,Non-Federal Agency,Raleigh,NC
NCBROADBAND.GOV,State/Local Govt,Non-Federal Agency,Raleigh,NC
NCCARELINK.GOV,State/Local Govt,Non-Federal Agency,Raleigh,NC
NCCERTIFIEDPARALEGAL.GOV,State/Local Govt,Non-Federal Agency,Raleigh,NC
NCCIVILWAR150.GOV,State/Local Govt,Non-Federal Agency,Raleigh,NC
NCCOB.GOV,State/Local Govt,Non-Federal Agency,Raleigh,NC
NCCPABOARD.GOV,State/Local Govt,Non-Federal Agency,Raleigh,NC
NCCRIMELAB.GOV,State/Local Govt,Non-Federal Agency,Raleigh,NC
NCDCI.GOV,State/Local Govt,Non-Federal Agency,Raleigh,NC
NCDCR.GOV,State/Local Govt,Non-Federal Agency,Raleigh,NC
NCDENR.GOV,State/Local Govt,Non-Federal Agency,RALEIGH,NC
NCDHHS.GOV,State/Local Govt,Non-Federal Agency,Raleigh,NC
NCDOI.GOV,State/Local Govt,Non-Federal Agency,Raleigh,NC
NCDOJ.GOV,State/Local Govt,Non-Federal Agency,Raleigh,NC
NCDOT.GOV,State/Local Govt,Non-Federal Agency,Raleigh,NC
NCDPS.GOV,State/Local Govt,Non-Federal Agency,Raleigh,NC
NCESC.GOV,State/Local Govt,Non-Federal Agency,Raleigh,NC
NCFINDOFFENDER.GOV,State/Local Govt,Non-Federal Agency,Raleigh,NC
NCFORECLOSUREPREVENTION.GOV,State/Local Govt,Non-Federal Agency,Raleigh,NC
NCFORESTPRODUCTS.GOV,State/Local Govt,Non-Federal Agency,Raleigh,NC
NCFORESTSERVICE.GOV,State/Local Govt,Non-Federal Agency,Raleigh,NC
NCGRANTS.GOV,State/Local Govt,Non-Federal Agency,Raleigh,NC
NCICAC.GOV,State/Local Govt,Non-Federal Agency,Raleigh,NC
NCISAAC.GOV,State/Local Govt,Non-Federal Agency,Raleigh,NC
NCLAMP.GOV,State/Local Govt,Non-Federal Agency,Raleigh,NC
NCLAP.GOV,State/Local Govt,Non-Federal Agency,Raleigh,NC
NCLAWSPECIALISTS.GOV,State/Local Govt,Non-Federal Agency,Raleigh,NC
NCMORTGAGEHELP.GOV,State/Local Govt,Non-Federal Agency,27609,NC
NCONEMAP.GOV,State/Local Govt,Non-Federal Agency,Raleigh,NC
NCOPENBOOK.GOV,State/Local Govt,Non-Federal Agency,Raleigh,NC
NCPARKS.GOV,State/Local Govt,Non-Federal Agency,Raleigh,NC
NCPUBLICSCHOOLS.GOV,State/Local Govt,Non-Federal Agency,Raleigh,NC
NCREC.GOV,State/Local Govt,Non-Federal Agency,Raleigh,NC
NCRETIREMENT.GOV,State/Local Govt,Non-Federal Agency,Raleigh,NC
NCSBE.GOV,State/Local Govt,Non-Federal Agency,Raleigh,NC
NCSBI.GOV,State/Local Govt,Non-Federal Agency,Raleigh,NC
NCSMARTGRID.GOV,State/Local Govt,Non-Federal Agency,Raleigh,NC
NCSTATE.GOV,State/Local Govt,Non-Federal Agency,Raleigh,NC
NCSTATEBAR.GOV,State/Local Govt,Non-Federal Agency,Raleigh,NC
NCTREASURER.GOV,State/Local Govt,Non-Federal Agency,Raleigh,NC
NCVISION25.GOV,State/Local Govt,Non-Federal Agency,Raleigh,NC
NCWORKS.GOV,State/Local Govt,Non-Federal Agency,Raleigh,NC
ND.GOV,State/Local Govt,Non-Federal Agency,Bismarck,ND
NDCENSUS.GOV,State/Local Govt,Non-Federal Agency,Bismarck,ND
NDCLOUD.GOV,State/Local Govt,Non-Federal Agency,Bismarck,North Dakota
NDCOURTS.GOV,State/Local Govt,Non-Federal Agency,Bismarck,ND
NDDATACENTER.GOV,State/Local Govt,Non-Federal Agency,Bismarck,ND
NDDOHPRESSROOM.GOV,State/Local Govt,Non-Federal Agency,Bismarck,ND
NDHAN.GOV,State/Local Govt,Non-Federal Agency,Bismarck,ND
NDHEALTH.GOV,State/Local Govt,Non-Federal Agency,Bismarck,ND
NDPANDEMICFLU.GOV,State/Local Govt,Non-Federal Agency,Bismarck,ND
NDSTUDIES.GOV,State/Local Govt,Non-Federal Agency,Bismarck,ND
NE.GOV,State/Local Govt,Non-Federal Agency,Lincoln,NE
NEBRASKA.GOV,State/Local Govt,Non-Federal Agency,Lincoln,NE
NEBRASKACORN.GOV,State/Local Govt,Non-Federal Agency,Lincoln,NE
NEBRASKALEGISLATURE.GOV,State/Local Govt,Non-Federal Agency,Lincoln,NE
NEBRASKAMAP.GOV,State/Local Govt,Non-Federal Agency,Lincoln,NE
NEBRASKASPENDING.GOV,State/Local Govt,Non-Federal Agency,Lincoln,NE
NEBRASKAUNICAMERAL.GOV,State/Local Govt,Non-Federal Agency,Lincoln,NE
NEHEALTHINSURANCEINFO.GOV,State/Local Govt,Non-Federal Agency,Lincoln,NE
NELSONCOUNTY-VA.GOV,State/Local Govt,Non-Federal Agency,Lovingston,VA
NETWORKMARYLAND.GOV,State/Local Govt,Non-Federal Agency,Annapolis,MD
NETWORKNEBRASKA.GOV,State/Local Govt,Non-Federal Agency,Lincoln,NE
NEVADA.GOV,State/Local Govt,Non-Federal Agency,Carson City,NV
NEVADAGUARD.GOV,State/Local Govt,Non-Federal Agency,Carson City,NV
NEVADAHOMEAGAIN.GOV,State/Local Govt,Non-Federal Agency,Las Vegas,NV
NEVADAREADY.GOV,State/Local Govt,Non-Federal Agency,Carson City,NV
NEVADATREASURER.GOV,State/Local Govt,Non-Federal Agency,Carson City,NV
NEWENGLAND511.GOV,State/Local Govt,Non-Federal Agency,Montpelier,VT
NEWFIELDSNH.GOV,State/Local Govt,Non-Federal Agency,Newfields,NH
NEWHAMPSHIRE.GOV,State/Local Govt,Non-Federal Agency,Concord,NH
NEWJERSEY.GOV,State/Local Govt,Non-Federal Agency,Trenton,NJ
NEWJERSEYBUSINESS.GOV,State/Local Govt,Non-Federal Agency,Trenton,NJ
NEWJERSEYHOMEKEEPER.GOV,State/Local Govt,Non-Federal Agency,Trenton,NJ
NEWMEXICO.GOV,State/Local Govt,Non-Federal Agency,Santa Fe,NM
NEWTONMA.GOV,State/Local Govt,Non-Federal Agency,Newton,MA
NEWWINDSOR-NY.GOV,State/Local Govt,Non-Federal Agency,New Windsor,NY
NEWYORKHEALTH.GOV,State/Local Govt,Non-Federal Agency,Albany,NY
NEXTCHAPTERTN.GOV,State/Local Govt,Non-Federal Agency,Smyrna,TN
NH.GOV,State/Local Govt,Non-Federal Agency,Concord,NH
NIAGARACOUNTY-NY.GOV,State/Local Govt,Non-Federal Agency,LOCKPORT,NY
NICHOLSHILLS-OK.GOV,State/Local Govt,Non-Federal Agency,Nichols Hills,OK
NJ.GOV,State/Local Govt,Non-Federal Agency,Trenton,NJ
NJ2.GOV,State/Local Govt,Non-Federal Agency,Trenton,NJ
NJALERT.GOV,State/Local Govt,Non-Federal Agency,Hamilton,NJ
NJCANCER.GOV,State/Local Govt,Non-Federal Agency,Trenton,NJ
NJCCC.GOV,State/Local Govt,Non-Federal Agency,Atlantic City,NJ
NJCCR.GOV,State/Local Govt,Non-Federal Agency,Trenton,NJ
NJCIVILRIGHTS.GOV,State/Local Govt,Non-Federal Agency,Trenton,NJ
NJCONSUMERAFFAIRS.GOV,State/Local Govt,Non-Federal Agency,Trenton,NJ
NJCOURTS.GOV,State/Local Govt,Non-Federal Agency,Trenton,NJ
NJDOC.GOV,State/Local Govt,Non-Federal Agency,Trenton,NJ
NJFLUPANDEMIC.GOV,State/Local Govt,Non-Federal Agency,Trenton,NJ
NJHAS.GOV,State/Local Govt,Non-Federal Agency,Trenton,NJ
NJHMFA.GOV,State/Local Govt,Non-Federal Agency,Trenton,NJ
NJHOMEKEEPER.GOV,State/Local Govt,Non-Federal Agency,Trenton,NJ
NJHOMELANDSECURITY.GOV,State/Local Govt,Non-Federal Agency,Hamilton,NJ
NJHOUSING.GOV,State/Local Govt,Non-Federal Agency,Trenton,NJ
NJHOUSINGRESOURCECENTER.GOV,State/Local Govt,Non-Federal Agency,Trenton,NJ
NJHRC.GOV,State/Local Govt,Non-Federal Agency,Trenton,NJ
NJHUMANTRAFFICKING.GOV,State/Local Govt,Non-Federal Agency,Trenton,NJ
NJJUD.GOV,State/Local Govt,Non-Federal Agency,Trenton,NJ
NJMEADOWLANDS.GOV,State/Local Govt,Non-Federal Agency,Lyndhurst,NJ
NJMEDICALBOARD.GOV,State/Local Govt,Non-Federal Agency,Trenton,NJ
NJMVC.GOV,State/Local Govt,Non-Federal Agency,Trenton,NJ
NJMVCONLINE.GOV,State/Local Govt,Non-Federal Agency,Trenton,NJ
NJOHSP.GOV,State/Local Govt,Non-Federal Agency,Hamilton,NJ
NJPAAD.GOV,State/Local Govt,Non-Federal Agency,Mercerville,NJ
NJSDA.GOV,State/Local Govt,Non-Federal Agency,Trenton,NJ
NJSECURITIES.GOV,State/Local Govt,Non-Federal Agency,Trenton,NJ
NJSENIORGOLD.GOV,State/Local Govt,Non-Federal Agency,Mercerville,NJ
NJSHC.GOV,State/Local Govt,Non-Federal Agency,Trenton,NJ
NJSNAP.GOV,State/Local Govt,Non-Federal Agency,Trenton,NJ
NJSPEAKUP.GOV,State/Local Govt,Non-Federal Agency,Trenton,NJ
NJSRGOLD.GOV,State/Local Govt,Non-Federal Agency,Mercerville,NJ
NJSTART.GOV,State/Local Govt,Non-Federal Agency,Trenton,NJ
NM.GOV,State/Local Govt,Non-Federal Agency,Santa Fe,NM
NMAG.GOV,State/Local Govt,Non-Federal Agency,Santa Fe,NM
NMCOURTS.GOV,State/Local Govt,Non-Federal Agency,Santa Fe,NM
NMLEGIS.GOV,State/Local Govt,Non-Federal Agency,Santa Fe,NM
NMSTO.GOV,State/Local Govt,Non-Federal Agency,Santa Fe,NM
NORTH-DAKOTA.GOV,State/Local Govt,Non-Federal Agency,Bismarck,ND
NORTHCAROLINA.GOV,State/Local Govt,Non-Federal Agency,Raleigh,NC
NORTHDAKOTA.GOV,State/Local Govt,Non-Federal Agency,Bismarck,ND
NORTHHAMPTON-NH.GOV,State/Local Govt,Non-Federal Agency,North Hampton,NH
NORTHMIAMIFL.GOV,State/Local Govt,Non-Federal Agency,North Miami,FL
NORTHUNIONTOWNSHIP-PA.GOV,State/Local Govt,Non-Federal Agency,Lemont Furnace,PA
NOSCAMNC.GOV,State/Local Govt,Non-Federal Agency,Raleigh,NC
NV.GOV,State/Local Govt,Non-Federal Agency,Carson City,NV
NVCOURTS.GOV,State/Local Govt,Non-Federal Agency,Carson City,NV
NVDPSPUB.GOV,State/Local Govt,Non-Federal Agency,Carson City,NV
NVEASE.GOV,State/Local Govt,Non-Federal Agency,Carson City,NV
NVGGMS.GOV,State/Local Govt,Non-Federal Agency,Carson City,NV
NVPREPAID.GOV,State/Local Govt,Non-Federal Agency,Carson City,NV
NVSEXOFFENDERS.GOV,State/Local Govt,Non-Federal Agency,Carson City,NV
NVSILVERFLUME.GOV,State/Local Govt,Non-Federal Agency,Carson City,NV
NVSOS.GOV,State/Local Govt,Non-Federal Agency,Carson City,NV
NY.GOV,State/Local Govt,Non-Federal Agency,Albany,NY
NYALERT.GOV,State/Local Govt,Non-Federal Agency,Albany,NY
NYASSEMBLY.GOV,State/Local Govt,Non-Federal Agency,Albany,NY
NYC-NY.GOV,State/Local Govt,Non-Federal Agency,Brooklyn,NY
NYC.GOV,State/Local Govt,Non-Federal Agency,Brooklyn,NY
NYCOURTHELP.GOV,State/Local Govt,Non-Federal Agency,Troy,NY
NYCOURTS.GOV,State/Local Govt,Non-Federal Agency,Troy,NY
NYGOVOFFICE.GOV,State/Local Govt,Non-Federal Agency,Albany,NY
NYHALLOFGOVERNORS.GOV,State/Local Govt,Non-Federal Agency,Albany,NY
NYHEALTH.GOV,State/Local Govt,Non-Federal Agency,Albany,NY
NYHOUSINGSEARCH.GOV,State/Local Govt,Non-Federal Agency,Albany,NY
NYJUROR.GOV,State/Local Govt,Non-Federal Agency,New York,NY
NYOPENFORBUSINESS.GOV,State/Local Govt,Non-Federal Agency,Albany,NY
NYPA.GOV,State/Local Govt,Non-Federal Agency,WHITE PLAINS,NY
NYPREPARE.GOV,State/Local Govt,Non-Federal Agency,Albany,NY
NYSCANALS.GOV,State/Local Govt,Non-Federal Agency,Albany,NY
NYSDOT.GOV,State/Local Govt,Non-Federal Agency,Albany,NY
NYSED.GOV,State/Local Govt,Non-Federal Agency,Albany,NY
NYSENATE.GOV,State/Local Govt,Non-Federal Agency,Albany,NY
NYSTART.GOV,State/Local Govt,Non-Federal Agency,Albany,NY
NYSTAX.GOV,State/Local Govt,Non-Federal Agency,Albany,NY
NYSTHRUWAY.GOV,State/Local Govt,Non-Federal Agency,Albany,NY
OCFODC.GOV,State/Local Govt,Non-Federal Agency,Washington,DC
OCPR.GOV,State/Local Govt,Non-Federal Agency,San Juan,PR
ODESSA-TX.GOV,State/Local Govt,Non-Federal Agency,Odessa,TX
OGALLALA-NE.GOV,State/Local Govt,Non-Federal Agency,Ogallala,NE
OH.GOV,State/Local Govt,Non-Federal Agency,Columbus,OH
OHIO.GOV,State/Local Govt,Non-Federal Agency,Columbus,OH
OHIOAGRICULTURE.GOV,State/Local Govt,Non-Federal Agency,Columbus,OH
OHIOANALYTICS.GOV,State/Local Govt,Non-Federal Agency,Columbus,OH
OHIOATTORNEYGENERAL.GOV,State/Local Govt,Non-Federal Agency,Columbus,OH
OHIOAUDITOR.GOV,State/Local Govt,Non-Federal Agency,Columbus,OH
OHIOBMV.GOV,State/Local Govt,Non-Federal Agency,Columbus,OH
OHIOCENTERFORNURSING.GOV,State/Local Govt,Non-Federal Agency,Columbus,OH
OHIOCHECKBOOK.GOV,State/Local Govt,Non-Federal Agency,Columbus,OH
OHIOCOURTOFCLAIMS.GOV,State/Local Govt,Non-Federal Agency,Columbus,OH
OHIOCOURTS.GOV,State/Local Govt,Non-Federal Agency,Columbus,OH
OHIODNR.GOV,State/Local Govt,Non-Federal Agency,Columbus,OH
OHIOHERETOHELP.GOV,State/Local Govt,Non-Federal Agency,Columbus,OH
OHIOHOUSE.GOV,State/Local Govt,Non-Federal Agency,Columbus,OH
OHIOHOUSINGLOCATOR.GOV,State/Local Govt,Non-Federal Agency,Columbus,OH
OHIOJOBS.GOV,State/Local Govt,Non-Federal Agency,Columbus,OH
OHIOJUDICIALCENTER.GOV,State/Local Govt,Non-Federal Agency,Columbus,OH
OHIOMEANSACCESSIBILITY.GOV,State/Local Govt,Non-Federal Agency,Columbus,OH
OHIOMEANSJOBS.GOV,State/Local Govt,Non-Federal Agency,Columbus,OH
OHIOMEANSTRAINING.GOV,State/Local Govt,Non-Federal Agency,Columbus,OH
OHIOMEANSVETERANSJOBS.GOV,State/Local Govt,Non-Federal Agency,Columbus,OH
OHIONOSMOKELAW.GOV,State/Local Govt,Non-Federal Agency,Columbus,OH
OHIOPMP.GOV,State/Local Govt,Non-Federal Agency,Columbus,OH
OHIORED.GOV,State/Local Govt,Non-Federal Agency,Columbus,OH
OHIORESPONDS.GOV,State/Local Govt,Non-Federal Agency,Columbus,OH
OHIOSAFEID.GOV,State/Local Govt,Non-Federal Agency,Columbus,OH
OHIOSECRETARYOFSTATE.GOV,State/Local Govt,Non-Federal Agency,Columbus,OH
OHIOSENATE.GOV,State/Local Govt,Non-Federal Agency,Columbus,OH
OHIOSUPREMECOURT.GOV,State/Local Govt,Non-Federal Agency,Columbus,OH
OHIOTHIRDFRONTIER.GOV,State/Local Govt,Non-Federal Agency,Columbus,OH
OHIOTPES.GOV,State/Local Govt,Non-Federal Agency,Columbus,OH
OHIOTREASURER.GOV,State/Local Govt,Non-Federal Agency,Columbus,OH
OHIOVALUESVETERANS.GOV,State/Local Govt,Non-Federal Agency,Columbus,OH
OHIOVALUESVETS.GOV,State/Local Govt,Non-Federal Agency,Columbus,OH
OHIOVET.GOV,State/Local Govt,Non-Federal Agency,Columbus,OH
OHIOVETERANSHOME.GOV,State/Local Govt,Non-Federal Agency,Columbus,OH
OHIOVETHOF.GOV,State/Local Govt,Non-Federal Agency,Columbus,OH
OHIOVETS.GOV,State/Local Govt,Non-Federal Agency,Columbus,OH
OHIOVETSHOF.GOV,State/Local Govt,Non-Federal Agency,Columbus,OH
OHIOWOMENVETS.GOV,State/Local Govt,Non-Federal Agency,Columbus,OH
OK.GOV,State/Local Govt,Non-Federal Agency,Oklahoma City,OK
OKBENEFITS.GOV,State/Local Govt,Non-Federal Agency,Oklahoma City,OK
OKC.GOV,State/Local Govt,Non-Federal Agency,Oklahoma City,OK
OKCOMMERCE.GOV,State/Local Govt,Non-Federal Agency,Oklahoma city,OK
OKDHS.GOV,State/Local Govt,Non-Federal Agency,Oklahoma City,OK
OKDRS.GOV,State/Local Govt,Non-Federal Agency,Oklahoma City,OK
OKGEOSURVEY1.GOV,State/Local Govt,Non-Federal Agency,Norman,OK
OKHOUSE.GOV,State/Local Govt,Non-Federal Agency,Oklahoma City,OK
OKLAHOMA.GOV,State/Local Govt,Non-Federal Agency,Oklahoma City,OK
OKLAHOMABENEFITS.GOV,State/Local Govt,Non-Federal Agency,Oklahoma City,OK
OKLAHOMAWORKS.GOV,State/Local Govt,Non-Federal Agency,Oklahoma City,OK
OKLATOURISM.GOV,State/Local Govt,Non-Federal Agency,Oklahoma City,OK
OKLEGISLATURE.GOV,State/Local Govt,Non-Federal Agency,Oklahoma City,OK
OKSENATE.GOV,State/Local Govt,Non-Federal Agency,Oklahoma City,OK
OLATHEKS.GOV,State/Local Govt,Non-Federal Agency,Olathe,KS
OLDLYME-CT.GOV,State/Local Govt,Non-Federal Agency,Old Lyme,CT
OLYMPIA-WA.GOV,State/Local Govt,Non-Federal Agency,Olympia,WA
OLYMPIAWA.GOV,State/Local Govt,Non-Federal Agency,Olympia,WA
ONESTOPFLORIDA.GOV,State/Local Govt,Non-Federal Agency,Tallahassee,FL
ONSLOWCOUNTYNC.GOV,State/Local Govt,Non-Federal Agency,Jacksonville,NC
OPC-DC.GOV,State/Local Govt,Non-Federal Agency,Washington,DC
OPELIKA-AL.GOV,State/Local Govt,Non-Federal Agency,Opelika,AL
OPEN-DC.GOV,State/Local Govt,Non-Federal Agency,Washington,DC
OPENOHIO.GOV,State/Local Govt,Non-Federal Agency,Columbus,OH
OR-MEDICAID.GOV,State/Local Govt,Non-Federal Agency,Salem,OR
OR.GOV,State/Local Govt,Non-Federal Agency,Salem,OR
ORANGE-CT.GOV,State/Local Govt,Non-Federal Agency,Orange,CT
ORCLIMATECHANGE.GOV,State/Local Govt,Non-Federal Agency,Salem,OR
OREGON.GOV,State/Local Govt,Non-Federal Agency,Salem,OR
OREGONATTORNEYGENERAL.GOV,State/Local Govt,Non-Federal Agency,Salem,OR
OREGONBENEFITSONLINE.GOV,State/Local Govt,Non-Federal Agency,Salem,OR
OREGONBUDGET.GOV,State/Local Govt,Non-Federal Agency,Salem,OR
OREGONCHILDSUPPORT.GOV,State/Local Govt,Non-Federal Agency,Salem,OR
OREGONCONSUMER.GOV,State/Local Govt,Non-Federal Agency,Salem,OR
OREGONFORESTRY.GOV,State/Local Govt,Non-Federal Agency,Salem,OR
OREGONHEALTHCARE.GOV,State/Local Govt,Non-Federal Agency,Salem,OR
OREGONHEALTHYKIDS.GOV,State/Local Govt,Non-Federal Agency,Salem,OR
OREGONHOMEOWNERSUPPORT.GOV,State/Local Govt,Non-Federal Agency,Salem,OR
OREGONLEGISLATURE.GOV,State/Local Govt,Non-Federal Agency,Salem,OR
OREGONMETRO.GOV,State/Local Govt,Non-Federal Agency,Portland,OR
OREGONMOTORVOTER.GOV,State/Local Govt,Non-Federal Agency,Salem,OR
OREGONRX.GOV,State/Local Govt,Non-Federal Agency,Salem,OR
OREGONSTUDENTAID.GOV,State/Local Govt,Non-Federal Agency,Salem,OR
OREGONUSF.GOV,State/Local Govt,Non-Federal Agency,Salem,OR
OREGONVOTES.GOV,State/Local Govt,Non-Federal Agency,Salem,OR
ORHEALTHCARE.GOV,State/Local Govt,Non-Federal Agency,Salem,OR
OSE-CT.GOV,State/Local Govt,Non-Federal Agency,Hartford,CT
OTAYWATER.GOV,State/Local Govt,Non-Federal Agency,Spring Valley,CA
OUTDOORNEBRASKA.GOV,State/Local Govt,Non-Federal Agency,Lincoln,NE
OVERLANDPARKKS.GOV,State/Local Govt,Non-Federal Agency,Overland Park,KS
OXFORD-CT.GOV,State/Local Govt,Non-Federal Agency,Oxford,CT
PA.GOV,State/Local Govt,Non-Federal Agency,Harrisburg,PA
PA529.GOV,State/Local Govt,Non-Federal Agency,Harrisburg,PA
PA529ABLE.GOV,State/Local Govt,Non-Federal Agency,Harrisburg,PA
PAABLE.GOV,State/Local Govt,Non-Federal Agency,Harrisburg,PA
PAACPAMMMI.GOV,State/Local Govt,Non-Federal Agency,Lansing,MI
PAAUDITOR.GOV,State/Local Govt,Non-Federal Agency,Harrisburg,PA
PACIFICFLYWAY.GOV,State/Local Govt,Non-Federal Agency,Vancouver,WA
PACIFICWA.GOV,State/Local Govt,Non-Federal Agency,Pacific,WA
PADILLABAY.GOV,State/Local Govt,Non-Federal Agency,MOUNT VERNON,WA
PAHOUSE.GOV,State/Local Govt,Non-Federal Agency,Harrisburg,PA
PAINVEST.GOV,State/Local Govt,Non-Federal Agency,Harrisburg,PA
PALMBEACHCOUNTYTAXCOLLECTOR-FL.GOV,State/Local Govt,Non-Federal Agency,West Palm Beach,FL
PALOALTO-CA.GOV,State/Local Govt,Non-Federal Agency,Palo Alto,CA
PANYNJ.GOV,State/Local Govt,Non-Federal Agency,New York,NY
PAOPENFORBUSINESS.GOV,State/Local Govt,Non-Federal Agency,Harrisburg,PA
PARTNERSFORHEALTHTN.GOV,State/Local Govt,Non-Federal Agency,Nashville,TN
PASEN.GOV,State/Local Govt,Non-Federal Agency,Harrisburg,PA
PASENATE.GOV,State/Local Govt,Non-Federal Agency,Harrisburg,PA
PATREASURY.GOV,State/Local Govt,Non-Federal Agency,Harrisburg,PA
PAULDING.GOV,State/Local Govt,Non-Federal Agency,Dallas,GA
PAY4COLLEGEARIZONA.GOV,State/Local Govt,Non-Federal Agency,Phoenix,AZ
PAYIOWA.GOV,State/Local Govt,Non-Federal Agency,Des Moines,IA
PEACHTREECORNERSGA.GOV,State/Local Govt,Non-Federal Agency,PEACHTREE CORNERS,GA
PEMBINACOUNTYND.GOV,State/Local Govt,Non-Federal Agency,Cavalier,ND
PENNSYLVANIA.GOV,State/Local Govt,Non-Federal Agency,Harrisburg,PA
PEORIAAZ.GOV,State/Local Govt,Non-Federal Agency,Peoria,AZ
PEQUOTLAKES-MN.GOV,State/Local Govt,Non-Federal Agency,Pequot Lakes,MN
PERRY-GA.GOV,State/Local Govt,Non-Federal Agency,Perry,GA
PERRY-WI.GOV,State/Local Govt,Non-Federal Agency,Mount Horeb,WI
PHILIPSBURGMT.GOV,State/Local Govt,Non-Federal Agency,Philipsburg,MT
PHOENIX.GOV,State/Local Govt,Non-Federal Agency,Phoenix,AZ
PIERMONT-NY.GOV,State/Local Govt,Non-Federal Agency,Piermont,NY
PILOTPOINTAK.GOV,State/Local Govt,Non-Federal Agency,Pilot Point,AK
PINECREST-FL.GOV,State/Local Govt,Non-Federal Agency,Pinecrest,FL
PINELLASCOUNTY-FL.GOV,State/Local Govt,Non-Federal Agency,Clearwater,FL
PINELLASCOUNTYFL.GOV,State/Local Govt,Non-Federal Agency,Clearwater,FL
PINETOPLAKESIDEAZ.GOV,State/Local Govt,Non-Federal Agency,LAKESIDE,AZ
PLAINVILLE-CT.GOV,State/Local Govt,Non-Federal Agency,Plainville,CT
PLANO.GOV,State/Local Govt,Non-Federal Agency,Plano,TX
PLATTSBURG-MO.GOV,State/Local Govt,Non-Federal Agency,Plattsburg,MO
POCONOPA.GOV,State/Local Govt,Non-Federal Agency,Tannersville,PA
POMFRETCT.GOV,State/Local Govt,Non-Federal Agency,Pomfret Center,CT
PORTAGE-MI.GOV,State/Local Govt,Non-Federal Agency,Portage,MI
PORTAGEMI.GOV,State/Local Govt,Non-Federal Agency,Portage,MI
PORTSMOUTHVA.GOV,State/Local Govt,Non-Federal Agency,Portsmouth,VA
POYNETTE-WI.GOV,State/Local Govt,Non-Federal Agency,Poynette,WI
PR.GOV,State/Local Govt,Non-Federal Agency,San Juan,PR
PREVENTHAIAZ.GOV,State/Local Govt,Non-Federal Agency,Phoenix,AZ
PRINCEGEORGECOUNTYVA.GOV,State/Local Govt,Non-Federal Agency,Prince George,VA
PROVINCETOWN-MA.GOV,State/Local Govt,Non-Federal Agency,Provincetown,MA
PUERTORICO.GOV,State/Local Govt,Non-Federal Agency,San Juan,PR
PULASKICOUNTYVA.GOV,State/Local Govt,Non-Federal Agency,Pulaski,VA
PULLMAN-WA.GOV,State/Local Govt,Non-Federal Agency,Pullman,WA
PUTNAMCOUNTYTN.GOV,State/Local Govt,Non-Federal Agency,Cookeville,TN
QAAZ.GOV,State/Local Govt,Non-Federal Agency,Phoenix,AZ
QUALITYFIRSTAZ.GOV,State/Local Govt,Non-Federal Agency,Phoenix,AZ
RAMAPO-NY.GOV,State/Local Govt,Non-Federal Agency,Suffern,NY
READYALABAMA.GOV,State/Local Govt,Non-Federal Agency,Montgomery,AL
READYNH.GOV,State/Local Govt,Non-Federal Agency,Concord,NH
READYVIRGINIA.GOV,State/Local Govt,Non-Federal Agency,Richmond,VA
READYWV.GOV,State/Local Govt,Non-Federal Agency,Charleston,WV
RECYCLEOHIO.GOV,State/Local Govt,Non-Federal Agency,Columbus,OH
REDDING-CA.GOV,State/Local Govt,Non-Federal Agency,Redding,CA
REDISTRICTINGFLORIDA.GOV,State/Local Govt,Non-Federal Agency,Tallahassee,FL
REEDSBURGWI.GOV,State/Local Govt,Non-Federal Agency,Reedsburg,WI
REGISTERTOVOTENV.GOV,State/Local Govt,Non-Federal Agency,Carson City,NV
RELAYUTAH.GOV,State/Local Govt,Non-Federal Agency,Salt Lake City,UT
RENO.GOV,State/Local Govt,Non-Federal Agency,Reno,NV
RENTONWA.GOV,State/Local Govt,Non-Federal Agency,Renton,WA
REPORTITTN.GOV,State/Local Govt,Non-Federal Agency,Nashville,TN
RETIREREADYTN.GOV,State/Local Govt,Non-Federal Agency,Nashville,TN
RHODEISLAND.GOV,State/Local Govt,Non-Federal Agency,Providence,RI
RI.GOV,State/Local Govt,Non-Federal Agency,Providence,RI
RIALTOCA.GOV,State/Local Govt,Non-Federal Agency,Rialto,CA
RICHLANDMS.GOV,State/Local Govt,Non-Federal Agency,Richland,MS
RIDESHAREWI.GOV,State/Local Govt,Non-Federal Agency,Madison,WI
RIDESHAREWISCONSIN.GOV,State/Local Govt,Non-Federal Agency,Madison,WI
RIORANCHONM.GOV,State/Local Govt,Non-Federal Agency,Rio Rancho,NM
RIPSGA.GOV,State/Local Govt,Non-Federal Agency,North Scituate,RI
RISP.GOV,State/Local Govt,Non-Federal Agency,North Scituate,RI
RIVERTONWY.GOV,State/Local Govt,Non-Federal Agency,Riverton,WY
ROANOKECOUNTY-VA.GOV,State/Local Govt,Non-Federal Agency,Roanoke,VA
ROANOKECOUNTYVA.GOV,State/Local Govt,Non-Federal Agency,Roanoke,VA
ROANOKECOUNTYVIRGINIA.GOV,State/Local Govt,Non-Federal Agency,Roanoke,VA
ROCHELLEPARKNJ.GOV,State/Local Govt,Non-Federal Agency,Rochelle Park,NJ
ROCHESTERMN.GOV,State/Local Govt,Non-Federal Agency,Rochester,MN
ROCKINGHAMCOUNTYVA.GOV,State/Local Govt,Non-Federal Agency,Harrisonburg,VA
ROCKISLANDTOWNSHIPIL.GOV,State/Local Govt,Non-Federal Agency,Rock Island,IL
ROGERSMN.GOV,State/Local Govt,Non-Federal Agency,Rogers,MN
ROMI.GOV,State/Local Govt,Non-Federal Agency,Royal Oak,MI
ROWANCOUNTYNC.GOV,State/Local Govt,Non-Federal Agency,Salisbury,NC
ROYALOAKMI.GOV,State/Local Govt,Non-Federal Agency,Royal Oak,MI
RSA-AL.GOV,State/Local Govt,Non-Federal Agency,Montgomery,AL
RULEWATCHOHIO.GOV,State/Local Govt,Non-Federal Agency,Columbus,OH
SACOMAINE.GOV,State/Local Govt,Non-Federal Agency,Saco,ME
SAFEHOMEALABAMA.GOV,State/Local Govt,Non-Federal Agency,Montgomery,AL
SAFERFLORIDAHIGHWAYS.GOV,State/Local Govt,Non-Federal Agency,Tallahassee,FL
SAFERFLORIDAROADS.GOV,State/Local Govt,Non-Federal Agency,Tallahassee,FL
SAFESD.GOV,State/Local Govt,Non-Federal Agency,Pierre,SD
SAFFORD-AZ.GOV,State/Local Govt,Non-Federal Agency,Safford,AZ
SALINA-KS.GOV,State/Local Govt,Non-Federal Agency,Salina,KS
SANDIEGO.GOV,State/Local Govt,Non-Federal Agency,San Diego,CA
SANDPOINTIDAHO.GOV,State/Local Govt,Non-Federal Agency,Sandpoint,ID
SANNET.GOV,State/Local Govt,Non-Federal Agency,San Diego,CA
SANTAANA-CA.GOV,State/Local Govt,Non-Federal Agency,Santa Ana,CA
SANTABARBARACA.GOV,State/Local Govt,Non-Federal Agency,Santa Barbara,CA
SAOMT.GOV,State/Local Govt,Non-Federal Agency,Helena,MT
SAVEMYHOMEAZ.GOV,State/Local Govt,Non-Federal Agency,Phoenix,AZ
SAVEOURHOMEAZ.GOV,State/Local Govt,Non-Federal Agency,Phoenix,AZ
SC.GOV,State/Local Govt,Non-Federal Agency,Columbia,SC
SCAG.GOV,State/Local Govt,Non-Federal Agency,Columbia,SC
SCCONSUMER.GOV,State/Local Govt,Non-Federal Agency,Columbia,SC
SCDEW.GOV,State/Local Govt,Non-Federal Agency,Columbia,SC
SCDHEC.GOV,State/Local Govt,Non-Federal Agency,Columbia,SC
SCDHHS.GOV,State/Local Govt,Non-Federal Agency,Columbia,SC
SCDPS.GOV,State/Local Govt,Non-Federal Agency,Blythewood,SC
SCFC.GOV,State/Local Govt,Non-Federal Agency,Columbia,SC
SCHELP.GOV,State/Local Govt,Non-Federal Agency,Columbia`,SC
SCHOHARIECOUNTY-NY.GOV,State/Local Govt,Non-Federal Agency,Schoharie,NY
SCHOUSE.GOV,State/Local Govt,Non-Federal Agency,Columbia,SC
SCNEWHIRE.GOV,State/Local Govt,Non-Federal Agency,Columbia,SC
SCOH.GOV,State/Local Govt,Non-Federal Agency,Columbus,OH
SCOHIO.GOV,State/Local Govt,Non-Federal Agency,Columbus,OH
SCOTTCOUNTYIOWA.GOV,State/Local Govt,Non-Federal Agency,Davenport,IA
SCOTTCOUNTYMS.GOV,State/Local Govt,Non-Federal Agency,Forest,MS
SCOTTSDALEAZ.GOV,State/Local Govt,Non-Federal Agency,Scottsdale,AZ
SCQUITLINE.GOV,State/Local Govt,Non-Federal Agency,Columbia,SC
SCSENATE.GOV,State/Local Govt,Non-Federal Agency,Columbia,SC
SCSERV.GOV,State/Local Govt,Non-Federal Agency,Columbia,SC
SCSTATEHOUSE.GOV,State/Local Govt,Non-Federal Agency,Columbia,SC
SD.GOV,State/Local Govt,Non-Federal Agency,Pierre,SD
SDAUDITOR.GOV,State/Local Govt,Non-Federal Agency,Pierre,SD
SDBMOE.GOV,State/Local Govt,Non-Federal Agency,Pierre,SD
SDSOS.GOV,State/Local Govt,Non-Federal Agency,Pierre,SD
SDTREASURER.GOV,State/Local Govt,Non-Federal Agency,Pierre,SD
SEATTLE.GOV,State/Local Govt,Non-Federal Agency,Seattle,WA
SEDGWICK.GOV,State/Local Govt,Non-Federal Agency,Wichita,KS
SEELYVILLE-IN.GOV,State/Local Govt,Non-Federal Agency,Seelyville,IN
SEMINOLECOUNTYFL.GOV,State/Local Govt,Non-Federal Agency,Sanford,FL
SERVEALABAMA.GOV,State/Local Govt,Non-Federal Agency,Montgomery,AL
SERVEIDAHO.GOV,State/Local Govt,Non-Federal Agency,Boise,ID
SERVEOHIO.GOV,State/Local Govt,Non-Federal Agency,Columb us,OH
SERVGA.GOV,State/Local Govt,Non-Federal Agency,Atlanta,GA
SFWMD.GOV,State/Local Govt,Non-Federal Agency,West Palm Beach,FL
SHAFTSBURYVT.GOV,State/Local Govt,Non-Federal Agency,Shaftsbury,VT
SHAPINGNEWJERSEY.GOV,State/Local Govt,Non-Federal Agency,Trenton,NJ
SHAPINGNJ.GOV,State/Local Govt,Non-Federal Agency,Trenton,NJ
SHAREOHIO.GOV,State/Local Govt,Non-Federal Agency,Columbus,OH
SHOWLOWAZ.GOV,State/Local Govt,Non-Federal Agency,Show Low,AZ
SHREWSBURY-MA.GOV,State/Local Govt,Non-Federal Agency,Shrewsbury,MA
SIMSBURY-CT.GOV,State/Local Govt,Non-Federal Agency,Simsbury,CT
SMITHTOWNNY.GOV,State/Local Govt,Non-Federal Agency,Smithtown,NY
SNOHOMISHCOUNTYWA.GOV,State/Local Govt,Non-Federal Agency,Everett,WA
SOCORRONM.GOV,State/Local Govt,Non-Federal Agency,Socorro,NM
SOUTHCAROLINA.GOV,State/Local Govt,Non-Federal Agency,Columbia,SC
SOUTHERNSHORES-NC.GOV,State/Local Govt,Non-Federal Agency,Southern Shores,NC
SOUTHOLDTOWNNY.GOV,State/Local Govt,Non-Federal Agency,Southold,NY
SPACEFLORIDA.GOV,State/Local Govt,Non-Federal Agency,Cape Canaveral,FL
SPRINGFIELDMO.GOV,State/Local Govt,Non-Federal Agency,Springfield,MO
STAGINGAZ.GOV,State/Local Govt,Non-Federal Agency,Phoenix,AZ
STATEOFSOUTHCAROLINA.GOV,State/Local Govt,Non-Federal Agency,Columbia,SC
STATEOFWV.GOV,State/Local Govt,Non-Federal Agency,Charleston,WV
STAYSAFENEBRASKA.GOV,State/Local Govt,Non-Federal Agency,Lincoln,NE
STCHARLESIL.GOV,State/Local Govt,Non-Federal Agency,St. Charles,IL
STONECOUNTYMS.GOV,State/Local Govt,Non-Federal Agency,Wiggins,MS
STOPFRAUDCOLORADO.GOV,State/Local Govt,Non-Federal Agency,Denver,CO
STOUGHTON-MA.GOV,State/Local Govt,Non-Federal Agency,Stoughton,MA
STOW-MA.GOV,State/Local Govt,Non-Federal Agency,Stow,MA
STPAULSNC.GOV,State/Local Govt,Non-Federal Agency,St. Pauls,NC
STURTEVANT-WI.GOV,State/Local Govt,Non-Federal Agency,Sturtevant,WI
SUFFOLKCOUNTYNY.GOV,State/Local Govt,Non-Federal Agency,Hauppauge,NY
SULLIVANCOUNTYNH.GOV,State/Local Govt,Non-Federal Agency,Newport,NH
SUNRISEFL.GOV,State/Local Govt,Non-Federal Agency,Sunrise,FL
SUNRISEFLORIDA.GOV,State/Local Govt,Non-Federal Agency,Sunrise,FL
SUPREMECOURTOFOHIO.GOV,State/Local Govt,Non-Federal Agency,Columbus,OH
SUTTON-NH.GOV,State/Local Govt,Non-Federal Agency,Sutton,NH
SWEETHOMEALABAMA.GOV,State/Local Govt,Non-Federal Agency,Montgomery,AL
TAKOMAPARKMD.GOV,State/Local Govt,Non-Federal Agency,Takoma Park,MD
TAPPAHANNOCK-VA.GOV,State/Local Govt,Non-Federal Agency,Tappahannock,VA
TCCC.GOV,State/Local Govt,Non-Federal Agency,Columbia,SC
TEACHIOWA.GOV,State/Local Govt,Non-Federal Agency,Des Moines,IA
TEAMGA.GOV,State/Local Govt,Non-Federal Agency,Atlanta,GA
TEAMGEORGIA.GOV,State/Local Govt,Non-Federal Agency,Atlanta,GA
TEAMTN.GOV,State/Local Govt,Non-Federal Agency,Nashville,TN
TENNESSEE.GOV,State/Local Govt,Non-Federal Agency,Nashville,TN
TENNESSEECOLLEGEADVISER.GOV,State/Local Govt,Non-Federal Agency,Smyrna,TN
TENNESSEECOLLEGEADVISOR.GOV,State/Local Govt,Non-Federal Agency,Smyrna,TN
TENNESSEEIIS.GOV,State/Local Govt,Non-Federal Agency,Smyrna,TN
TENNESSEEPROMISE.GOV,State/Local Govt,Non-Federal Agency,Smyrna,TN
TENNESSEERECONNECT.GOV,State/Local Govt,Non-Federal Agency,Smyrna,TN
TESTOHIO.GOV,State/Local Govt,Non-Federal Agency,Columbus,OH
TEWKSBURY-MA.GOV,State/Local Govt,Non-Federal Agency,Tewksbury,MA
TEXAS.GOV,State/Local Govt,Non-Federal Agency,Austin,TX
TEXAS511.GOV,State/Local Govt,Non-Federal Agency,Austin,TX
TEXASAGRICULTURE.GOV,State/Local Govt,Non-Federal Agency,Austin,TX
TEXASATTORNEYGENERAL.GOV,State/Local Govt,Non-Federal Agency,Austin,TX
TEXASCHILDRENSCOMMISSION.GOV,State/Local Govt,Non-Federal Agency,Austin,TX
TEXASFIGHTSIDTHEFT.GOV,State/Local Govt,Non-Federal Agency,Austin,TX
TEXASFILE.GOV,State/Local Govt,Non-Federal Agency,Austin,TX
TEXASONLINE.GOV,State/Local Govt,Non-Federal Agency,Austin,TX
TEXASSTATEPARKS.GOV,State/Local Govt,Non-Federal Agency,Austin,TX
TEXASSUPREMECOURTCOMMISSION.GOV,State/Local Govt,Non-Federal Agency,Austin,TX
THA.GOV,State/Local Govt,Non-Federal Agency,Topeka,KS
THEFTAZ.GOV,State/Local Govt,Non-Federal Agency,Phoenix,AZ
THERIGHTCALLIOWA.GOV,State/Local Govt,Non-Federal Agency,Des Moines,IA
THESTATEOFSOUTHCAROLINA.GOV,State/Local Govt,Non-Federal Agency,Columbia,SC
TN.GOV,State/Local Govt,Non-Federal Agency,Nashville,TN
TNAG.GOV,State/Local Govt,Non-Federal Agency,Nashville,TN
TNCOLLEGEADVISER.GOV,State/Local Govt,Non-Federal Agency,Smyrna,TN
TNCOLLEGEADVISOR.GOV,State/Local Govt,Non-Federal Agency,Smyrna,TN
TNCOURTS.GOV,State/Local Govt,Non-Federal Agency,Nashville,TN
TNECD.GOV,State/Local Govt,Non-Federal Agency,Nashville,TN
TNEDU.GOV,State/Local Govt,Non-Federal Agency,Nashville,TN
TNIIS.GOV,State/Local Govt,Non-Federal Agency,Smyrna,TN
TNK12.GOV,State/Local Govt,Non-Federal Agency,Nashville,TN
TNPROMISE.GOV,State/Local Govt,Non-Federal Agency,Smyrna,TN
TNQUITLINE.GOV,State/Local Govt,Non-Federal Agency,Smyrna,TN
TNREADY.GOV,State/Local Govt,Non-Federal Agency,Nashville,TN
TNRECONNECT.GOV,State/Local Govt,Non-Federal Agency,Smyrna,TN
TNTOOLKIT.GOV,State/Local Govt,Non-Federal Agency,Smyrna,TN
TNTREASURY.GOV,State/Local Govt,Non-Federal Agency,Nashville,TN
TNVACATION.GOV,State/Local Govt,Non-Federal Agency,Nashville,TN
TOMGREENCOUNTYTX.GOV,State/Local Govt,Non-Federal Agency,San Angelo,TX
TOURISMOHIO.GOV,State/Local Govt,Non-Federal Agency,Columbus,OH
TOWERLAKES-IL.GOV,State/Local Govt,Non-Federal Agency,Tower Lakes,IL
TOWNOFDUNNWI.GOV,State/Local Govt,Non-Federal Agency,McFarland,WI
TOWNOFGOLDENMEADOW-LA.GOV,State/Local Govt,Non-Federal Agency,Golden Meadow,LA
TOWNOFKEENENY.GOV,State/Local Govt,Non-Federal Agency,Keene,NY
TOWNOFRAMAPO-NY.GOV,State/Local Govt,Non-Federal Agency,Suffern,NY
TOWNOFRIVERHEADNY.GOV,State/Local Govt,Non-Federal Agency,Riverhead,NY
TOWNOFSMYRNA-TN.GOV,State/Local Govt,Non-Federal Agency,Smyrna,TN
TOWNOFTROUTVILLE-VA.GOV,State/Local Govt,Non-Federal Agency,Troutville,VA
TOWNOFWALLINGFORD-CT.GOV,State/Local Govt,Non-Federal Agency,Wallingford,CT
TOWNOFWINGATENC.GOV,State/Local Govt,Non-Federal Agency,Wingate,NC
TRANSPARENCYFLORIDA.GOV,State/Local Govt,Non-Federal Agency,Tallahassee,FL
TRANSPARENCYWV.GOV,State/Local Govt,Non-Federal Agency,Charleston,WV
TRUSTTENNESSEE.GOV,State/Local Govt,Non-Federal Agency,Nashville,TN
TRUSTTN.GOV,State/Local Govt,Non-Federal Agency,Nashville,TN
TTD.GOV,State/Local Govt,Non-Federal Agency,East Norwalk,CT
TUCSONAZ.GOV,State/Local Govt,Non-Federal Agency,Tucson,AZ
TUPPERLAKENY.GOV,State/Local Govt,Non-Federal Agency,Tupper Lake,NY
TUSCALOOSA-AL.GOV,State/Local Govt,Non-Federal Agency,Tuscaloosa,AL
TX.GOV,State/Local Govt,Non-Federal Agency,Austin,TX
TX511.GOV,State/Local Govt,Non-Federal Agency,Austin,TX
TXAG.GOV,State/Local Govt,Non-Federal Agency,Austin,TX
TXCOURTS.GOV,State/Local Govt,Non-Federal Agency,Austin,TX
TXDMV.GOV,State/Local Govt,Non-Federal Agency,Austin,TX
TXDOT.GOV,State/Local Govt,Non-Federal Agency,Austin,TX
TXDPS.GOV,State/Local Govt,Non-Federal Agency,Austin,TX
TXFILE.GOV,State/Local Govt,Non-Federal Agency,Austin,TX
TXMAP.GOV,State/Local Govt,Non-Federal Agency,Austin,TX
TXOAG.GOV,State/Local Govt,Non-Federal Agency,Austin,TX
UNITYNH.GOV,State/Local Govt,Non-Federal Agency,Charlestown,NH
US41WISCONSIN.GOV,State/Local Govt,Non-Federal Agency,Madison,WI
UTAH.GOV,State/Local Govt,Non-Federal Agency,Salt Lake City,UT
UTAHLAKE.GOV,State/Local Govt,Non-Federal Agency,Salt Lake City,UT
UTAHTRUST.GOV,State/Local Govt,Non-Federal Agency,North Salt Lake,UT
UTCOURTS.GOV,State/Local Govt,Non-Federal Agency,Salt Lake City,UT
VACOURTS.GOV,State/Local Govt,Non-Federal Agency,Richmond,VA
VAEMERGENCY.GOV,State/Local Govt,Non-Federal Agency,Richmond,VA
VBHIL.GOV,State/Local Govt,Non-Federal Agency,Barrington Hills,IL
VERMONT.GOV,State/Local Govt,Non-Federal Agency,Montpelier,VT
VERMONTHEALTHCONNECT.GOV,State/Local Govt,Non-Federal Agency,Montpelier,VT
VERMONTTAXAMNESTY.GOV,State/Local Govt,Non-Federal Agency,Montpelier,VT
VERMONTTREASURER.GOV,State/Local Govt,Non-Federal Agency,Montpelier,VT
VERMONTVOTESFORKIDS.GOV,State/Local Govt,Non-Federal Agency,Montpelier,VT
VERNONTWP-PA.GOV,State/Local Govt,Non-Federal Agency,Meadville,PA
VI.GOV,State/Local Govt,Non-Federal Agency,St. Thomas,VI
VIALERT.GOV,State/Local Govt,Non-Federal Agency,St. Thomas,VI
VIBIR.GOV,State/Local Govt,Non-Federal Agency,St. Thomas,VI
VIDOL.GOV,State/Local Govt,Non-Federal Agency,St. Thomas,VI
VIHFA.GOV,State/Local Govt,Non-Federal Agency,St. Thomas,VI
VILLAGEOFDUNLAP-IL.GOV,State/Local Govt,Non-Federal Agency,Dunlap,IL
VILLAGEOFPENINSULA-OH.GOV,State/Local Govt,Non-Federal Agency,Peninsula,OH
VILLAGEOFSCOTIANY.GOV,State/Local Govt,Non-Federal Agency,Scotia,NY
VINTONVA.GOV,State/Local Govt,Non-Federal Agency,Vinton,VA
VIRGINIA.GOV,State/Local Govt,Non-Federal Agency,Chester,VA
VIRGINIACAPITAL.GOV,State/Local Govt,Non-Federal Agency,Richmond,VA
VIRGINIACAPITOL.GOV,State/Local Govt,Non-Federal Agency,Richmond,VA
VIRGINIAGENERALASSEMBLY.GOV,State/Local Govt,Non-Federal Agency,Richmond,VA
VIRGINIASTATEPARKS.GOV,State/Local Govt,Non-Federal Agency,Richmond,VA
VISITIDAHO.GOV,State/Local Govt,Non-Federal Agency,Boise,ID
VISITNEBRASKA.GOV,State/Local Govt,Non-Federal Agency,Lincoln,NE
VISITNH.GOV,State/Local Govt,Non-Federal Agency,Concord,NH
VISITWYO.GOV,State/Local Govt,Non-Federal Agency,Cheyenne,WY
VISITWYOMING.GOV,State/Local Govt,Non-Federal Agency,Cheyenne,WY
VITEMA.GOV,State/Local Govt,Non-Federal Agency,St. Thomas,VI
VIVOTE.GOV,State/Local Govt,Non-Federal Agency,St Croix,VI
VOLUNTEERLOUISIANA.GOV,State/Local Govt,Non-Federal Agency,Baton Rouge,LA
VOTETEXAS.GOV,State/Local Govt,Non-Federal Agency,Austin,TX
VT.GOV,State/Local Govt,Non-Federal Agency,Montpelier,VT
VTALERT.GOV,State/Local Govt,Non-Federal Agency,Montpelier,VT
WA.GOV,State/Local Govt,Non-Federal Agency,Olympia,WA
WAKECOUNTYNC.GOV,State/Local Govt,Non-Federal Agency,Raleigh,NC
WALDOCOUNTYME.GOV,State/Local Govt,Non-Federal Agency,Belfast,ME
WALLAWALLAWA.GOV,State/Local Govt,Non-Federal Agency,Walla Walla,WA
WALPOLE-MA.GOV,State/Local Govt,Non-Federal Agency,Walpole,MA
WALTONCOUNTYGA.GOV,State/Local Govt,Non-Federal Agency,Monroe,GA
WARRACRES-OK.GOV,State/Local Govt,Non-Federal Agency,Warr Acres,OK
WARRENPA.GOV,State/Local Govt,Non-Federal Agency,Warren,PA
WASHINGTON-NC.GOV,State/Local Govt,Non-Federal Agency,Washington,NC
WASHINGTON.GOV,State/Local Govt,Non-Federal Agency,Olympia,WA
WASHINGTONCOUNTYNY.GOV,State/Local Govt,Non-Federal Agency,Fort Edward,NY
WASHINGTONDC.GOV,State/Local Govt,Non-Federal Agency,"Washington,",DC
WASHINGTONNC.GOV,State/Local Govt,Non-Federal Agency,Washington,NC
WASHINGTONPA.GOV,State/Local Govt,Non-Federal Agency,Washington,PA
WASHINGTONSTATE.GOV,State/Local Govt,Non-Federal Agency,Olympia,WA
WASHINGTONVILLE-NY.GOV,State/Local Govt,Non-Federal Agency,Washingtonville,NY
WASHTENAWCOUNTY-MI.GOV,State/Local Govt,Non-Federal Agency,Ann Arbor,MI
WATAUGACOUNTYNC.GOV,State/Local Govt,Non-Federal Agency,Boone,NC
WAUKESHACOUNTY-WI.GOV,State/Local Govt,Non-Federal Agency,Waukesha,WI
WAUKESHACOUNTY.GOV,State/Local Govt,Non-Federal Agency,Waukesha,WI
WAYNECOUNTYMS.GOV,State/Local Govt,Non-Federal Agency,Waynesboro,MS
WCNYH.GOV,State/Local Govt,Non-Federal Agency,New YOrk,NY
WEBBCOUNTYTX.GOV,State/Local Govt,Non-Federal Agency,Laredo,TX
WELCOMEHOMEILLINOIS.GOV,State/Local Govt,Non-Federal Agency,Chicago,IL
WENHAMMA.GOV,State/Local Govt,Non-Federal Agency,Wenham,MA
WESTBENDWI.GOV,State/Local Govt,Non-Federal Agency,West Bend,WI
WESTCHESTERCOUNTYNY.GOV,State/Local Govt,Non-Federal Agency,White Plains,NY
WESTFORKAR.GOV,State/Local Govt,Non-Federal Agency,West Fork,AR
WESTMINSTER-CA.GOV,State/Local Govt,Non-Federal Agency,Westminster,CA
WESTMORELANDTN.GOV,State/Local Govt,Non-Federal Agency,Westmoreland,TN
WESTVALLEYCITY-UT.GOV,State/Local Govt,Non-Federal Agency,West Valley City,UT
WHITMAN-MA.GOV,State/Local Govt,Non-Federal Agency,Whitman,MA
WHYNEVADA.GOV,State/Local Govt,Non-Federal Agency,Carson City,NV
WI-TIME.GOV,State/Local Govt,Non-Federal Agency,Madison,WI
WI-WORCS.GOV,State/Local Govt,Non-Federal Agency,Madison,WI
WI.GOV,State/Local Govt,Non-Federal Agency,Madison,WI
WIBADGERTRACS.GOV,State/Local Govt,Non-Federal Agency,Madison,WI
WICONNECTIONS2030.GOV,State/Local Govt,Non-Federal Agency,Madison,WI
WICOURTS.GOV,State/Local Govt,Non-Federal Agency,MADISON,WI
WIGRANTS.GOV,State/Local Govt,Non-Federal Agency,Madison,WI
WILAWLIBRARY.GOV,State/Local Govt,Non-Federal Agency,Madison,WI
WILDOHIO.GOV,State/Local Govt,Non-Federal Agency,Columbus,OH
WILLIAMSBURGVA.GOV,State/Local Govt,Non-Federal Agency,Williamsburg,VA
WILMINGTON-NC.GOV,State/Local Govt,Non-Federal Agency,Wilmington,NC
WILMINGTONNC.GOV,State/Local Govt,Non-Federal Agency,Wilmington,NC
WINTERGARDEN-FL.GOV,State/Local Govt,Non-Federal Agency,Winter Garden,FL
WINTERPORTMAINE.GOV,State/Local Govt,Non-Federal Agency,Winterport,ME
WINTERSPRINGSFL.GOV,State/Local Govt,Non-Federal Agency,Winter Springs,FL
WISC.GOV,State/Local Govt,Non-Federal Agency,Madison,WI
WISCONSIN.GOV,State/Local Govt,Non-Federal Agency,Madison,WI
WISCONSINCRIMEALERT.GOV,State/Local Govt,Non-Federal Agency,Madison,WI
WISCONSINDMV.GOV,State/Local Govt,Non-Federal Agency,Madison,WI
WISCONSINDOT.GOV,State/Local Govt,Non-Federal Agency,Madison,WI
WISCONSINFREIGHTPLAN.GOV,State/Local Govt,Non-Federal Agency,Madison,WI
WISCONSINRAILPLAN.GOV,State/Local Govt,Non-Federal Agency,Madison,WI
WISCONSINROUNDABOUTS.GOV,State/Local Govt,Non-Federal Agency,Madison,WI
WMATA.GOV,State/Local Govt,Non-Federal Agency,Washington,DC
WORKFORNC.GOV,State/Local Govt,Non-Federal Agency,Raleigh,NC
WSDOT.GOV,State/Local Govt,Non-Federal Agency,Olympia,WA
WV.GOV,State/Local Govt,Non-Federal Agency,Charleston,WV
WVAGO.GOV,State/Local Govt,Non-Federal Agency,Charleston,WV
WVCOMMERCE.GOV,State/Local Govt,Non-Federal Agency,Charleston,WV
WVCONSUMERPROTECTION.GOV,State/Local Govt,Non-Federal Agency,Charleston,WV
WVCSI.GOV,State/Local Govt,Non-Federal Agency,Charleston,WV
WVDHSEM.GOV,State/Local Govt,Non-Federal Agency,Charleston,WV
WVDMV.GOV,State/Local Govt,Non-Federal Agency,Charleston,WV
WVDNR.GOV,State/Local Govt,Non-Federal Agency,South Charleston,WV
WVHOUSE.GOV,State/Local Govt,Non-Federal Agency,Charleston,WV
WVINSURANCE.GOV,State/Local Govt,Non-Federal Agency,Charleson,WV
WVLEGISLATURE.GOV,State/Local Govt,Non-Federal Agency,Charleston,WV
WVOASIS.GOV,State/Local Govt,Non-Federal Agency,Charleston,WV
WVOT.GOV,State/Local Govt,Non-Federal Agency,Charleston,WV
WVOTA.GOV,State/Local Govt,Non-Federal Agency,Charleston,WV
WVPRESIDENT.GOV,State/Local Govt,Non-Federal Agency,Morgantown,WV
WVPURCHASING.GOV,State/Local Govt,Non-Federal Agency,Charleston,WV
WVREVENUE.GOV,State/Local Govt,Non-Federal Agency,Charleston,WV
WVSAO.GOV,State/Local Govt,Non-Federal Agency,Charleston,WV
WVSENATE.GOV,State/Local Govt,Non-Federal Agency,Charleston,WV
WVSENIORSERVICES.GOV,State/Local Govt,Non-Federal Agency,Charleston,WV
WVSP.GOV,State/Local Govt,Non-Federal Agency,South Charleston,WV
WVSPEAKER.GOV,State/Local Govt,Non-Federal Agency,Morgantown,WV
WVSTO.GOV,State/Local Govt,Non-Federal Agency,Charleston,WV
WVSURPLUS.GOV,State/Local Govt,Non-Federal Agency,Dunbar,WV
WVTAX.GOV,State/Local Govt,Non-Federal Agency,Charleston,WV
WY.GOV,State/Local Govt,Non-Federal Agency,Cheyenne,WY
WYCAMPAIGNFINANCE.GOV,State/Local Govt,Non-Federal Agency,Cheyenne,WY
WYINVESTORAWARENESS.GOV,State/Local Govt,Non-Federal Agency,Cheyenne,WY
WYO.GOV,State/Local Govt,Non-Federal Agency,Cheyenne,WY
WYOBOARDS.GOV,State/Local Govt,Non-Federal Agency,Cheyenne,WY
WYOLEG.GOV,State/Local Govt,Non-Federal Agency,Cheyenne,WY
WYOMING.GOV,State/Local Govt,Non-Federal Agency,Cheyenne,WY
WYOMINGAGCARE.GOV,State/Local Govt,Non-Federal Agency,Cheyenne,WY
WYOMINGFOSTERCARE.GOV,State/Local Govt,Non-Federal Agency,Cheyenne,WY
WYOMINGLMI.GOV,State/Local Govt,Non-Federal Agency,cheyenne,WY
WYOMINGOFFICEOFTOURISM.GOV,State/Local Govt,Non-Federal Agency,Cheyenne,WY
WYOREG.GOV,State/Local Govt,Non-Federal Agency,cheyenne,WY
WYWINDFALL.GOV,State/Local Govt,Non-Federal Agency,cheyenne,WY
YADKINCOUNTY.GOV,State/Local Govt,Non-Federal Agency,Yadkinville,NC
YADKINCOUNTYNC.GOV,State/Local Govt,Non-Federal Agency,Yadkinville,NC
YAMHILLCOUNTY-OR.GOV,State/Local Govt,Non-Federal Agency,McMinnville,OR
YANCEYVILLENC.GOV,State/Local Govt,Non-Federal Agency,Roxboro,NC
YUCAIPA-CA.GOV,State/Local Govt,Non-Federal Agency,Yucaipa,CA
ZAPATACOUNTYTX.GOV,State/Local Govt,Non-Federal Agency,Zapata,TX
ZEROINWISCONSIN.GOV,State/Local Govt,Non-Federal Agency,Madison,WI
ZIONSVILLE-IN.GOV,State/Local Govt,Non-Federal Agency,Zionsville,IN
